
[
{"country" : "Australia", "symbol":"animal", "name" : "Kangaroo"},
{"country" : "Bangladesh", "symbol":"Flower", "name" : "Water Lily"},
{"country" : "Barbados", "symbol":"Other", "name" : "Head of a Trident"},
{"country" : "Belgium", "symbol":"animal", "name" : "Lion"},
{"country" : "Canada", "symbol":"Flower", "name" : "White Lily"},
{"country" : "Chile", "symbol":"Other", "name" : "Candor & Huemul"},
{"country" : "Denmark", "symbol":"animal", "name" : "Mute Swan"},
{"country" : "Dominica", "symbol":"animal", "name" : "Sisserou Parrot"},
{"country" : "England", "symbol":"animal", "name" : "Barbary Lion"},
{"country" : "Eritrea", "symbol":"animal", "name" : "Arabian Camel"},
{"country" : "Ethiopia", "symbol":"animal", "name" : "The Ibex Goat"},
{"country" : "France", "symbol":"Flower", "name" : "Lily"},
{"country" : "Germany", "symbol":"Flower", "name" : "Corn Flower"},
{"country" : "Guyana", "symbol":"animal", "name" : "Canje Pheasant"},
{"country" : "Hong Kong", "symbol":"Flower", "name" : "Bauhinia (Orchid Tree)"},
{"country" : "India", "symbol":"animal", "name" : "Lioned Capital"},
{"country" : "Iran", "symbol":"Flower", "name" : "Rose"},
{"country" : "Ireland", "symbol":"Flower", "name" : "Shamrock"},
{"country" : "Israel", "symbol":"Other", "name" : "Candelabrum"},
{"country" : "Italy", "symbol":"Flower", "name" : "White Lily"},
{"country" : "Ivory Coast", "symbol":"animal", "name" : "Coast Elephant"},
{"country" : "Japan", "symbol":"Flower", "name" : "Chrysanthemum"},
{"country" : "Lebanon", "symbol":"Tree", "name" : "Cedar Tree"},
{"country" : "Luxenbourg", "symbol":"animal", "name" : "Lion with Crown"},
{"country" : "Mongolia", "symbol":"Other", "name" : "The Soyombo"},
{"country" : "Nepal", "symbol": "animal", "name": "Danphe (Lophophorus)"},
{"country" : "Netherlands", "symbol":"animal", "name" : "Lion"},
{"country" : "New Zealand", "symbol":"animal", "name" : "Southern Cross, Kiwi, Fern"},
{"country" : "Norway", "symbol":"animal", "name" : "Lion"},
{"country" : "Pakistan", "symbol":"Other", "name" : "Crescent"},
{"country" : "Papua", "symbol":"animal", "name" : "New Guinea Bird of paradise"},
{"country" : "Scotland", "symbol":"Other", "name" : "Unicorn"},
{"country" : "Senegal", "symbol":"Tree", "name" : "Bhobab Tree"},
{"country" : "Sierra Leone", "symbol":"animal", "name" : "Lion"},
{"country" : "Spain", "symbol":"animal", "name" : "Eagle"},
{"country" : "Sri Lanka", "symbol":"animal", "name" : "Lion"},
{"country" : "Sudan", "symbol":"animal", "name" : "Secretary Bird"},
{"country" : "Syria", "symbol":"animal", "name" : "Eagle"},
{"country" : "Turkey", "symbol":"Other", "name" : "Crescent & Star"},
{"country" : "U.S.A.", "symbol":"Flower", "name" : "Rose"},
{"country" : "Wales", "symbol":"animal", "name" : "Dragon"}
]
