[
{"country": "Aruba","location": "Caribbean"},
{"country": "Afghanistan","location": "Southern and Central Asia"},
{"country": "Angola","location": "Central Africa"},
{"country": "Anguilla","location": "Caribbean"},
{"country": "Albania","location": "Southern Europe"},
{"country": "Andorra","location": "Southern Europe"},
{"country": "Netherlands Antilles","location": "Caribbean"},
{"country": "United Arab Emirates","location": "Middle East"},
{"country": "Argentina","location": "South America"},
{"country": "Armenia","location": "Middle East"},
{"country": "American Samoa","location": "Polynesia"},
{"country": "Antarctica","location": "Antarctica"},
{"country": "French Southern territories","location": "Antarctica"},
{"country": "Antigua and Barbuda","location": "Caribbean"},
{"country": "Australia","location": "Australia and New Zealand"},
{"country": "Austria","location": "Western Europe"},
{"country": "Azerbaijan","location": "Middle East"},
{"country": "Burundi","location": "Eastern Africa"},
{"country": "Belgium","location": "Western Europe"},
{"country": "Benin","location": "Western Africa"},
{"country": "Burkina Faso","location": "Western Africa"},
{"country": "Bangladesh","location": "Southern and Central Asia"},
{"country": "Bulgaria","location": "Eastern Europe"},
{"country": "Bahrain","location": "Middle East"},
{"country": "Bahamas","location": "Caribbean"},
{"country": "Bosnia and Herzegovina","location": "Southern Europe"},
{"country": "Belarus","location": "Eastern Europe"},
{"country": "Belize","location": "Central America"},
{"country": "Bermuda","location": "North America"},
{"country": "Bolivia","location": "South America"},
{"country": "Brazil","location": "South America"},
{"country": "Barbados","location": "Caribbean"},
{"country": "Brunei","location": "Southeast Asia"},
{"country": "Bhutan","location": "Southern and Central Asia"},
{"country": "Bouvet Island","location": "Antarctica"},
{"country": "Botswana","location": "Southern Africa"},
{"country": "Central African Republic","location": "Central Africa"},
{"country": "Canada","location": "North America"},
{"country": "Cocos (Keeling) Islands","location": "Australia and New Zealand"},
{"country": "Switzerland","location": "Western Europe"},
{"country": "Chile","location": "South America"},
{"country": "China","location": "Eastern Asia"},
{"country": "Ivory Coast","location": "Western Africa"},
{"country": "Cameroon","location": "Central Africa"},
{"country": "Congo, The Democratic Republic of the","location": "Central Africa"},
{"country": "Congo","location": "Central Africa"},
{"country": "Cook Islands","location": "Polynesia"},
{"country": "Colombia","location": "South America"},
{"country": "Comoros","location": "Eastern Africa"},
{"country": "Cape Verde","location": "Western Africa"},
{"country": "Costa Rica","location": "Central America"},
{"country": "Cuba","location": "Caribbean"},
{"country": "Christmas Island","location": "Australia and New Zealand"},
{"country": "Cayman Islands","location": "Caribbean"},
{"country": "Cyprus","location": "Middle East"},
{"country": "Czech Republic","location": "Eastern Europe"},
{"country": "Germany","location": "Western Europe"},
{"country": "Djibouti","location": "Eastern Africa"},
{"country": "Dominica","location": "Caribbean"},
{"country": "Denmark","location": "Nordic Countries"},
{"country": "Dominican Republic","location": "Caribbean"},
{"country": "Algeria","location": "Northern Africa"},
{"country": "Ecuador","location": "South America"},
{"country": "Egypt","location": "Northern Africa"},
{"country": "Eritrea","location": "Eastern Africa"},
{"country": "Western Sahara","location": "Northern Africa"},
{"country": "Spain","location": "Southern Europe"},
{"country": "Estonia","location": "Baltic Countries"},
{"country": "Ethiopia","location": "Eastern Africa"},
{"country": "Finland","location": "Nordic Countries"},
{"country": "Fiji Islands","location": "Melanesia"},
{"country": "Falkland Islands","location": "South America"},
{"country": "France","location": "Western Europe"},
{"country": "Faroe Islands","location": "Nordic Countries"},
{"country": "Micronesia, Federated States of","location": "Micronesia"},
{"country": "Gabon","location": "Central Africa"},
{"country": "United Kingdom","location": "British Isles"},
{"country": "Georgia","location": "Middle East"},
{"country": "Ghana","location": "Western Africa"},
{"country": "Gibraltar","location": "Southern Europe"},
{"country": "Guinea","location": "Western Africa"},
{"country": "Guadeloupe","location": "Caribbean"},
{"country": "Gambia","location": "Western Africa"},
{"country": "Guinea-Bissau","location": "Western Africa"},
{"country": "Equatorial Guinea","location": "Central Africa"},
{"country": "Greece","location": "Southern Europe"},
{"country": "Grenada","location": "Caribbean"},
{"country": "Greenland","location": "North America"},
{"country": "Guatemala","location": "Central America"},
{"country": "French Guiana","location": "South America"},
{"country": "Guam","location": "Micronesia"},
{"country": "Guyana","location": "South America"},
{"country": "Hong Kong","location": "Eastern Asia"},
{"country": "Heard Island and McDonald Islands","location": "Antarctica"},
{"country": "Honduras","location": "Central America"},
{"country": "Croatia","location": "Southern Europe"},
{"country": "Haiti","location": "Caribbean"},
{"country": "Hungary","location": "Eastern Europe"},
{"country": "Indonesia","location": "Southeast Asia"},
{"country": "India","location": "Southern and Central Asia"},
{"country": "British Indian Ocean Territory","location": "Eastern Africa"},
{"country": "Ireland","location": "British Isles"},
{"country": "Iran","location": "Southern and Central Asia"},
{"country": "Iraq","location": "Middle East"},
{"country": "Iceland","location": "Nordic Countries"},
{"country": "Israel","location": "Middle East"},
{"country": "Italy","location": "Southern Europe"},
{"country": "Jamaica","location": "Caribbean"},
{"country": "Jordan","location": "Middle East"},
{"country": "Japan","location": "Eastern Asia"},
{"country": "Kazakstan","location": "Southern and Central Asia"},
{"country": "Kenya","location": "Eastern Africa"},
{"country": "Kyrgyzstan","location": "Southern and Central Asia"},
{"country": "Cambodia","location": "Southeast Asia"},
{"country": "Kiribati","location": "Micronesia"},
{"country": "Saint Kitts and Nevis","location": "Caribbean"},
{"country": "South Korea","location": "Eastern Asia"},
{"country": "Kuwait","location": "Middle East"},
{"country": "Laos","location": "Southeast Asia"},
{"country": "Lebanon","location": "Middle East"},
{"country": "Liberia","location": "Western Africa"},
{"country": "Libyan Arab Jamahiriya","location": "Northern Africa"},
{"country": "Saint Lucia","location": "Caribbean"},
{"country": "Liechtenstein","location": "Western Europe"},
{"country": "Sri Lanka","location": "Southern and Central Asia"},
{"country": "Lesotho","location": "Southern Africa"},
{"country": "Lithuania","location": "Baltic Countries"},
{"country": "Luxembourg","location": "Western Europe"},
{"country": "Latvia","location": "Baltic Countries"},
{"country": "Macao","location": "Eastern Asia"},
{"country": "Morocco","location": "Northern Africa"},
{"country": "Monaco","location": "Western Europe"},
{"country": "Moldova","location": "Eastern Europe"},
{"country": "Madagascar","location": "Eastern Africa"},
{"country": "Maldives","location": "Southern and Central Asia"},
{"country": "Mexico","location": "Central America"},
{"country": "Marshall Islands","location": "Micronesia"},
{"country": "Macedonia","location": "Southern Europe"},
{"country": "Mali","location": "Western Africa"},
{"country": "Malta","location": "Southern Europe"},
{"country": "Myanmar","location": "Southeast Asia"},
{"country": "Mongolia","location": "Eastern Asia"},
{"country": "Northern Mariana Islands","location": "Micronesia"},
{"country": "Mozambique","location": "Eastern Africa"},
{"country": "Mauritania","location": "Western Africa"},
{"country": "Montserrat","location": "Caribbean"},
{"country": "Martinique","location": "Caribbean"},
{"country": "Mauritius","location": "Eastern Africa"},
{"country": "Malawi","location": "Eastern Africa"},
{"country": "Malaysia","location": "Southeast Asia"},
{"country": "Mayotte","location": "Eastern Africa"},
{"country": "Namibia","location": "Southern Africa"},
{"country": "New Caledonia","location": "Melanesia"},
{"country": "Niger","location": "Western Africa"},
{"country": "Norfolk Island","location": "Australia and New Zealand"},
{"country": "Nigeria","location": "Western Africa"},
{"country": "Nicaragua","location": "Central America"},
{"country": "Niue","location": "Polynesia"},
{"country": "Netherlands","location": "Western Europe"},
{"country": "Norway","location": "Nordic Countries"},
{"country": "Nepal","location": "Southern and Central Asia"},
{"country": "Nauru","location": "Micronesia"},
{"country": "New Zealand","location": "Australia and New Zealand"},
{"country": "Oman","location": "Middle East"},
{"country": "Pakistan","location": "Southern and Central Asia"},
{"country": "Panama","location": "Central America"},
{"country": "Pitcairn","location": "Polynesia"},
{"country": "Peru","location": "South America"},
{"country": "Philippines","location": "Southeast Asia"},
{"country": "Palau","location": "Micronesia"},
{"country": "Papua New Guinea","location": "Melanesia"},
{"country": "Poland","location": "Eastern Europe"},
{"country": "Puerto Rico","location": "Caribbean"},
{"country": "North Korea","location": "Eastern Asia"},
{"country": "Portugal","location": "Southern Europe"},
{"country": "Paraguay","location": "South America"},
{"country": "Palestine","location": "Middle East"},
{"country": "French Polynesia","location": "Polynesia"},
{"country": "Qatar","location": "Middle East"},
{"country": "Reunion","location": "Eastern Africa"},
{"country": "Romania","location": "Eastern Europe"},
{"country": "Russian Federation","location": "Eastern Europe"},
{"country": "Rwanda","location": "Eastern Africa"},
{"country": "Saudi Arabia","location": "Middle East"},
{"country": "Sudan","location": "Northern Africa"},
{"country": "South Sudan","location": "Eastern Africa"},
{"country": "Senegal","location": "Western Africa"},
{"country": "Singapore","location": "Southeast Asia"},
{"country": "South Georgia and the South Sandwich Islands","location": "Antarctica"},
{"country": "Saint Helena","location": "Western Africa"},
{"country": "Svalbard and Jan Mayen","location": "Nordic Countries"},
{"country": "Solomon Islands","location": "Melanesia"},
{"country": "Sierra Leone","location": "Western Africa"},
{"country": "El Salvador","location": "Central America"},
{"country": "San Marino","location": "Southern Europe"},
{"country": "Somalia","location": "Eastern Africa"},
{"country": "Saint Pierre and Miquelon","location": "North America"},
{"country": "Sao Tome and Principe","location": "Central Africa"},
{"country": "Suriname","location": "South America"},
{"country": "Slovakia","location": "Eastern Europe"},
{"country": "Slovenia","location": "Southern Europe"},
{"country": "Sweden","location": "Nordic Countries"},
{"country": "Swaziland","location": "Southern Africa"},
{"country": "Seychelles","location": "Eastern Africa"},
{"country": "Syria","location": "Middle East"},
{"country": "Turks and Caicos Islands","location": "Caribbean"},
{"country": "Chad","location": "Central Africa"},
{"country": "Togo","location": "Western Africa"},
{"country": "Thailand","location": "Southeast Asia"},
{"country": "Tajikistan","location": "Southern and Central Asia"},
{"country": "Tokelau","location": "Polynesia"},
{"country": "Turkmenistan","location": "Southern and Central Asia"},
{"country": "East Timor","location": "Southeast Asia"},
{"country": "Tonga","location": "Polynesia"},
{"country": "Trinidad and Tobago","location": "Caribbean"},
{"country": "Tunisia","location": "Northern Africa"},
{"country": "Turkey","location": "Middle East"},
{"country": "Tuvalu","location": "Polynesia"},
{"country": "Taiwan","location": "Eastern Asia"},
{"country": "Tanzania","location": "Eastern Africa"},
{"country": "Uganda","location": "Eastern Africa"},
{"country": "Ukraine","location": "Eastern Europe"},
{"country": "United States Minor Outlying Islands","location": "Micronesia/Caribbean"},
{"country": "Uruguay","location": "South America"},
{"country": "United States","location": "North America"},
{"country": "Uzbekistan","location": "Southern and Central Asia"},
{"country": "Holy See (Vatican City State)","location": "Southern Europe"},
{"country": "Saint Vincent and the Grenadines","location": "Caribbean"},
{"country": "Venezuela","location": "South America"},
{"country": "British Virgin Islands","location": "Caribbean"},
{"country": "United States Virgin Islands","location": "Caribbean"},
{"country": "Vietnam","location": "Southeast Asia"},
{"country": "Vanuatu","location": "Melanesia"},
{"country": "Wallis and Futuna","location": "Polynesia"},
{"country": "Samoa","location": "Polynesia"},
{"country": "Yemen","location": "Middle East"},
{"country": "Yugoslavia","location": "Southern Europe"},
{"country": "South Africa","location": "Southern Africa"},
{"country": "Zambia","location": "Eastern Africa"},
{"country": "Zimbabwe","location": "Eastern Africa"}]
