[
{"country" : "Algeria", "elevation" : "800m"},
{"country" : "Andorra", "elevation" : "1,996m"},
{"country" : "Angola", "elevation" : "1,112m"},
{"country" : "Antarctica", "elevation" : "2,300m"},
{"country" : "Argentina", "elevation" : "595m"},
{"country" : "Armenia", "elevation" : "1,792m"},
{"country" : "Australia", "elevation" : "330m"},
{"country" : "Austria", "elevation" : "910m"},
{"country" : "Azerbaijan", "elevation" : "384m"},
{"country" : "Bangladesh", "elevation" : "85m"},
{"country" : "Belarus", "elevation" : "160m"},
{"country" : "Belgium", "elevation" : "181m"},
{"country" : "Belize", "elevation" : "173m"},
{"country" : "Benin", "elevation" : "273m"},
{"country" : "Bhutan", "elevation" : "3,280m"},
{"country" : "Bolivia", "elevation" : "1,192m"},
{"country" : "Bosnia and Herzegovina", "elevation" : "500m"},
{"country" : "Botswana", "elevation" : "1,013m"},
{"country" : "Brazil", "elevation" : "320m"},
{"country" : "Brunei", "elevation" : "478m"},
{"country" : "Bulgaria", "elevation" : "472m"},
{"country" : "Burkina Faso", "elevation" : "297m"},
{"country" : "Burma", "elevation" : "702m"},
{"country" : "Burundi", "elevation" : "1,504m"},
{"country" : "Cambodia", "elevation" : "126m"},
{"country" : "Cameroon", "elevation" : "667m"},
{"country" : "Canada", "elevation" : "487m"},
{"country" : "Central African Republic", "elevation" : "635m"},
{"country" : "Chad", "elevation" : "543m"},
{"country" : "Chile", "elevation" : "1,871m"},
{"country" : "China", "elevation" : "1,840m"},
{"country" : "Colombia", "elevation" : "593m"},
{"country" : "Congo", "elevation" : "430m"},
{"country" : "CongoDR", "elevation" : "726m"},
{"country" : "Corsica", "elevation" : "568m"},
{"country" : "Costa Rica", "elevation" : "746m"},
{"country" : "Croatia", "elevation" : "331m"},
{"country" : "Cuba", "elevation" : "108m"},
{"country" : "Cyprus", "elevation" : "91m"},
{"country" : "Czech Republic", "elevation" : "433m"},
{"country" : "Denmark", "elevation" : "34m"},
{"country" : "Djibouti", "elevation" : "430m"},
{"country" : "Dominican Republic", "elevation" : "424m"},
{"country" : "Ecuador", "elevation" : "1,117m"},
{"country" : "Egypt", "elevation" : "321m"},
{"country" : "El Salvador", "elevation" : "442m"},
{"country" : "Estonia", "elevation" : "61m"},
{"country" : "Equatorial Guinea", "elevation" : "577m"},
{"country" : "Eritrea", "elevation" : "853m"},
{"country" : "Ethiopia", "elevation" : "1,330m"},
{"country" : "Finland", "elevation" : "164m"},
{"country" : "France", "elevation" : "375m"},
{"country" : "French Guiana", "elevation" : "168m"},
{"country" : "Gabon", "elevation" : "377m"},
{"country" : "Gambia", "elevation" : "34m"},
{"country" : "Georgia", "elevation" : "1,432m"},
{"country" : "Germany", "elevation" : "263m"},
{"country" : "Ghana", "elevation" : "190m"},
{"country" : "Greece", "elevation" : "498m"},
{"country" : "Greenland", "elevation" : "1,792m"},
{"country" : "Guatemala", "elevation" : "759m"},
{"country" : "Guinea", "elevation" : "472m"},
{"country" : "Guinea-Bissau", "elevation" : "70m"},
{"country" : "Guyana", "elevation" : "207m"},
{"country" : "Haiti", "elevation" : "470m"},
{"country" : "Honduras", "elevation" : "684m"},
{"country" : "Hungary", "elevation" : "143m"},
{"country" : "Iceland", "elevation" : "557m"},
{"country" : "India", "elevation" : "160m"},
{"country" : "Indonesia", "elevation" : "367m"},
{"country" : "Iran", "elevation" : "1,305m"},
{"country" : "Iraq", "elevation" : "312m"},
{"country" : "Ireland", "elevation" : "118m"},
{"country" : "Israel", "elevation" : "508m"},
{"country" : "Italy", "elevation" : "538m"},
{"country" : "Ivory Coast", "elevation" : "250m"},
{"country" : "Jamaica", "elevation" : "18m"},
{"country" : "Japan", "elevation" : "438m"},
{"country" : "Jordan", "elevation" : "812m"},
{"country" : "Kazakhstan", "elevation" : "387m"},
{"country" : "Kenya", "elevation" : "762m"},
{"country" : "Kuwait", "elevation" : "108m"},
{"country" : "Kyrgyzstan", "elevation" : "2,988m"},
{"country" : "Latvia", "elevation" : "87m"},
{"country" : "Laos", "elevation" : "710m"},
{"country" : "Lebanon", "elevation" : "1,250m"},
{"country" : "Lesotho", "elevation" : "2,161m"},
{"country" : "Liberia", "elevation" : "243m"},
{"country" : "Libya", "elevation" : "423m"},
{"country" : "Lithuania", "elevation" : "110m"},
{"country" : "Luxembourg", "elevation" : "325m"},
{"country" : "Macedonia", "elevation" : "741m"},
{"country" : "Madagascar", "elevation" : "615m"},
{"country" : "Malawi", "elevation" : "779m"},
{"country" : "Malaysia", "elevation" : "538m"},
{"country" : "Maldives", "elevation" : "1.8m"},
{"country" : "Mali", "elevation" : "343m"},
{"country" : "Mauritania", "elevation" : "276m"},
{"country" : "Mexico", "elevation" : "1,111m"},
{"country" : "Moldova", "elevation" : "139m"},
{"country" : "Mongolia", "elevation" : "1,528m"},
{"country" : "Montenegro", "elevation" : "1,086m"},
{"country" : "Morocco", "elevation" : "909m"},
{"country" : "Mozambique", "elevation" : "345m"},
{"country" : "Namibia", "elevation" : "1,141m"},
{"country" : "Nepal", "elevation" : "3,265m"},
{"country" : "Netherlands", "elevation" : "30m"},
{"country" : "New Zealand", "elevation" : "388m"},
{"country" : "Nicaragua", "elevation" : "298m"},
{"country" : "Niger", "elevation" : "474m"},
{"country" : "Nigeria", "elevation" : "380m"},
{"country" : "North Korea", "elevation" : "400m"},
{"country" : "Norway", "elevation" : "460m"},
{"country" : "Oman", "elevation" : "310m"},
{"country" : "Pakistan", "elevation" : "900m"},
{"country" : "Panama", "elevation" : "360m"},
{"country" : "Papua New Guinea", "elevation" : "667m"},
{"country" : "Paraguay", "elevation" : "178m"},
{"country" : "Peru", "elevation" : "1,555m"},
{"country" : "Philippines", "elevation" : "442m"},
{"country" : "Poland", "elevation" : "173m"},
{"country" : "Portugal", "elevation" : "372m"},
{"country" : "Puerto Rico", "elevation" : "261m"},
{"country" : "Qatar", "elevation" : "28m"},
{"country" : "Romania", "elevation" : "414m"},
{"country" : "Rwanda", "elevation" : "1,598m"},
{"country" : "Russia", "elevation" : "600m"},
{"country" : "Saudi Arabia", "elevation" : "665m"},
{"country" : "Senegal", "elevation" : "69m"},
{"country" : "Serbia", "elevation" : "442m"},
{"country" : "Sierra Leone", "elevation" : "279m"},
{"country" : "Slovakia", "elevation" : "458m"},
{"country" : "Slovenia", "elevation" : "492m"},
{"country" : "Somalia", "elevation" : "410m"},
{"country" : "South Africa", "elevation" : "1,034m"},
{"country" : "South Korea", "elevation" : "282m"},
{"country" : "Spain", "elevation" : "660m"},
{"country" : "Sri Lanka", "elevation" : "228m"},
{"country" : "Sudan", "elevation" : "568m"},
{"country" : "Suriname", "elevation" : "246m"},
{"country" : "Swaziland", "elevation" : "305m"},
{"country" : "Sweden", "elevation" : "320m"},
{"country" : "Switzerland", "elevation" : "1,350m"},
{"country" : "Syria", "elevation" : "514m"},
{"country" : "Tajikistan", "elevation" : "3,186m"},
{"country" : "Taiwan", "elevation" : "1,150m"},
{"country" : "Tanzania", "elevation" : "1,018m"},
{"country" : "Thailand", "elevation" : "287m"},
{"country" : "Togo", "elevation" : "236m"},
{"country" : "Trinidad and Tobago", "elevation" : "83m"},
{"country" : "Tunisia", "elevation" : "246m"},
{"country" : "Turkey", "elevation" : "1,132m"},
{"country" : "Turkmenistan", "elevation" : "230m"},
{"country" : "Ukraine", "elevation" : "175m"},
{"country" : "United Arab Emirates", "elevation" : "149m"},
{"country" : "United Kingdom", "elevation" : "162m"},
{"country" : "United States", "elevation" : "760m"},
{"country" : "Uruguay", "elevation" : "109m"},
{"country" : "Venezuela", "elevation" : "450m"},
{"country" : "Vietnam", "elevation" : "398m"},
{"country" : "Western Sahara", "elevation" : "256m"},
{"country" : "Yemen", "elevation" : "999m"},
{"country" : "Zambia", "elevation" : "1,138m"},
{"country" : "Zimbabwe", "elevation" : "961m"}
]
