[
{"country":"Albania" , "barcode" : "530"},
{"country":"Algeria" , "barcode" : "613"},
{"country":"Argentina" , "barcode" : "778 – 779"},
{"country":"Armenia" , "barcode" : "485"},
{"country":"Australia" , "barcode" : "930 – 939"},
{"country":"Austria" , "barcode" : "900 – 919"},
{"country":"Azerbaijan" , "barcode" : "476"},
{"country":"Bahrain" , "barcode" : "608"},
{"country":"Belarus" , "barcode" : "481"},
{"country":"Belgium" , "barcode" : "540 – 549"},
{"country":"Luxembourg" , "barcode" : "540 – 549"},
{"country":"Bolivia" , "barcode" : "777"},
{"country":"Bosnia and Herzegovina" , "barcode" : "387"},
{"country":"Brazil" , "barcode" : "789 – 790"},
{"country":"Brunei" , "barcode" : "623"},
{"country":"Bulgaria" , "barcode" : "380"},
{"country":"Cambodia" , "barcode" : "884"},
{"country":"Canada" , "barcode" : "000 – 019"},
{"country":"Canada" , "barcode" : "754 – 755"},
{"country":"Chile" , "barcode" : "780"},
{"country":"China" , "barcode" : "690 – 699"},
{"country":"Colombia" , "barcode" : "770 – 771"},
{"country":"Costa Rica" , "barcode" : "744"},
{"country":"Croatia" , "barcode" : "385"},
{"country":"Cuba" , "barcode" : "850"},
{"country":"Cyprus" , "barcode" : "529"},
{"country":"Czech Republic" , "barcode" : "859"},
{"country":"Denmark" , "barcode" : "570 – 579"},
{"country":"Dominican Republic" , "barcode" : "746"},
{"country":"Ecuador" , "barcode" : "786"},
{"country":"Egypt" , "barcode" : "622"},
{"country":"El Salvador" , "barcode" : "741"},
{"country":"Estonia" , "barcode" : "474"},
{"country":"Faroe Islands" , "barcode" : "570 – 579"},
{"country":"Finland" , "barcode" : "640 – 649"},
{"country":"France" , "barcode" : "300 – 379"},
{"country":"Monaco" , "barcode" : "300 – 379"},
{"country":"Georgia" , "barcode" : "486"},
{"country":"Germany" , "barcode" : "400 – 440"},
{"country":"Ghana" , "barcode" : "603"},
{"country":"Greece" , "barcode" : "520 – 521"},
{"country":"Greenland" , "barcode" : "570 – 579"},
{"country":"Guatemala" , "barcode" : "740"},
{"country":"Honduras" , "barcode" : "742"},
{"country":"Hong Kong" , "barcode" : "489"},
{"country":"Hungary" , "barcode" : "599"},
{"country":"Iceland" , "barcode" : "569"},
{"country":"India" , "barcode" : "890"},
{"country":"Indonesia" , "barcode" : "899"},
{"country":"Iran" , "barcode" : "626"},
{"country":"Israel" , "barcode" : "729"},
{"country":"Italy,  San Marino and   Vatican City" , "barcode" : "800 – 839"},
{"country":"Ivory Coast" , "barcode" : "618"},
{"country":"Japan" , "barcode" : "450 – 459"},
{"country":"Japan" , "barcode" : "490 – 499"},
{"country":"Jordan" , "barcode" : "625"},
{"country":"Kazakhstan" , "barcode" : "487"},
{"country":"Kenya" , "barcode" : "616"},
{"country":"Kosovo" , "barcode" : "390"},
{"country":"Kuwait" , "barcode" : "627"},
{"country":"Kyrgyzstan" , "barcode" : "470"},
{"country":"Latvia" , "barcode" : "475"},
{"country":"Lebanon" , "barcode" : "528"},
{"country":"Libya" , "barcode" : "624"},
{"country":"Lithuania" , "barcode" : "477"},
{"country":"Macau" , "barcode" : "958"},
{"country":"Macedonia" , "barcode" : "531"},
{"country":"Malaysia" , "barcode" : "955"},
{"country":"Malta" , "barcode" : "535"},
{"country":"Mauritius" , "barcode" : "609"},
{"country":"Mexico" , "barcode" : "750"},
{"country":"Moldova" , "barcode" : "484"},
{"country":"Mongolia" , "barcode" : "865"},
{"country":"Montenegro" , "barcode" : "389"},
{"country":"Morocco" , "barcode" : "611"},
{"country":"Netherlands" , "barcode" : "870 – 879"},
{"country":"New Zealand" , "barcode" : "940 – 949"},
{"country":"Nicaragua" , "barcode" : "743"},
{"country":"Nigeria" , "barcode" : "615"},
{"country":"North Korea" , "barcode" : "867"},
{"country":"Norway" , "barcode" : "700 – 709"},
{"country":"Pakistan" , "barcode" : "896"},
{"country":"Panama" , "barcode" : "745"},
{"country":"Paraguay" , "barcode" : "784"},
{"country":"Peru" , "barcode" : "775"},
{"country":"Philippines" , "barcode" : "480"},
{"country":"Poland" , "barcode" : "590"},
{"country":"Portugal" , "barcode" : "560"},
{"country":"Republic of Ireland" , "barcode" : "539"},
{"country":"Romania" , "barcode" : "594"},
{"country":"Russian Federation" , "barcode" : "460 – 469"},
{"country":"Saudi Arabia" , "barcode" : "628"},
{"country":"Senegal" , "barcode" : "604"},
{"country":"Serbia" , "barcode" : "860"},
{"country":"Singapore" , "barcode" : "888"},
{"country":"Slovakia" , "barcode" : "858"},
{"country":"Slovenia" , "barcode" : "383"},
{"country":"South Africa" , "barcode" : "600 – 601"},
{"country":"South Korea" , "barcode" : "880"},
{"country":"Spain" , "barcode" : "840 – 849"},
{"country":"Andorra" , "barcode" : "840 – 849"},
{"country":"Sri Lanka" , "barcode" : "479"},
{"country":"Sweden : EAN/GS1 Sweden" , "barcode" : "730 – 739"},
{"country":"Switzerland" , "barcode" : "760 – 769"},
{"country":"Liechtenstein" , "barcode" : "760 – 769"},
{"country":"Syria" , "barcode" : "621"},
{"country":"Taiwan" , "barcode" : "471"},
{"country":"Tajikistan" , "barcode" : "488"},
{"country":"Tanzania" , "barcode" : "620"},
{"country":"Thailand" , "barcode" : "885"},
{"country":"Tunisia" , "barcode" : "619"},
{"country":"Turkey" , "barcode" : "868 – 869"},
{"country":"Turkmenistan" , "barcode" : "483"},
{"country":"Ukraine" , "barcode" : "482"},
{"country":"United Arab Emirates" , "barcode" : "629"},
{"country":"United Kingdom" , "barcode" : "500 – 509"},
{"country":"United States" , "barcode" : "060 – 099"},
{"country":"Canada" , "barcode" : "060 – 099"},
{"country":"United States" , "barcode" : "000 – 019"},
{"country":"United States" , "barcode" : "100 – 139"},
{"country":"United States drugs" , "barcode" : "030 – 039"},
{"country":"Uruguay" , "barcode" : "773"},
{"country":"Uzbekistan" , "barcode" : "478"},
{"country":"Venezuela" , "barcode" : "759"},
{"country":"Vietnam" , "barcode" : "893"}
]
