[
    {"country" : "Afghanistan", "independence" : 1919},
    {"country" : "Angola", "independence" : 1975},
    {"country" : "Albania", "independence" : 1912},
    {"country" : "Andorra", "independence" : 1278},
    {"country" : "United Arab Emirates", "independence" : 1971},
    {"country" : "Argentina", "independence" : 1816},
    {"country" : "Armenia", "independence" : 1991},
    {"country" : "Antigua and Barbuda", "independence" : 1981},
    {"country" : "Australia", "independence" : 1901},
    {"country" : "Austria", "independence" : 1918},
    {"country" : "Azerbaijan", "independence" : 1991},
    {"country" : "Burundi", "independence" : 1962},
    {"country" : "Belgium", "independence" : 1830},
    {"country" : "Benin", "independence" : 1960},
    {"country" : "Burkina Faso", "independence" : 1960},
    {"country" : "Bangladesh", "independence" : 1971},
    {"country" : "Bulgaria", "independence" : 1908},
    {"country" : "Bahrain", "independence" : 1971},
    {"country" : "Bahamas", "independence" : 1973},
    {"country" : "Bosnia and Herzegovina", "independence" : 1992},
    {"country" : "Belarus", "independence" : 1991},
    {"country" : "Belize", "independence" : 1981},
    {"country" : "Bolivia", "independence" : 1825},
    {"country" : "Brazil", "independence" : 1822},
    {"country" : "Barbados", "independence" : 1966},
    {"country" : "Brunei", "independence" : 1984},
    {"country" : "Bhutan", "independence" : 1910},
    {"country" : "Botswana", "independence" : 1966},
    {"country" : "Central African Republic", "independence" : 1960},
    {"country" : "Canada", "independence" : 1867},
    {"country" : "Chile", "independence" : 1810},
    {"country" : "China", "independence" : -1523},
    {"country" : "Ivory Coast", "independence" : 1960},
    {"country" : "Cameroon", "independence" : 1960},
    {"country" : "Congo, The Democratic Republic of the", "independence" : 1960},
    {"country" : "Congo", "independence" : 1960},
    {"country" : "Colombia", "independence" : 1810},
    {"country" : "Comoros", "independence" : 1975},
    {"country" : "Cape Verde", "independence" : 1975},
    {"country" : "Costa Rica", "independence" : 1821},
    {"country" : "Cuba", "independence" : 1902},
    {"country" : "Cyprus", "independence" : 1960},
    {"country" : "Czech Republic", "independence" : 1993},
    {"country" : "Germany", "independence" : 1955},
    {"country" : "Djibouti", "independence" : 1977},
    {"country" : "Dominica", "independence" : 1978},
    {"country" : "Denmark", "independence" : 800},
    {"country" : "Dominican Republic", "independence" : 1844},
    {"country" : "Algeria", "independence" : 1962},
    {"country" : "Ecuador", "independence" : 1822},
    {"country" : "Egypt", "independence" : 1922},
    {"country" : "Eritrea", "independence" : 1993},
    {"country" : "Spain", "independence" : 1492},
    {"country" : "Estonia", "independence" : 1991},
    {"country" : "Ethiopia", "independence" : -1000},
    {"country" : "Finland", "independence" : 1917},
    {"country" : "Fiji Islands", "independence" : 1970},
    {"country" : "France", "independence" : 843},
    {"country" : "Micronesia, Federated States of", "independence" : 1990},
    {"country" : "Gabon", "independence" : 1960},
    {"country" : "United Kingdom", "independence" : 1066},
    {"country" : "Georgia", "independence" : 1991},
    {"country" : "Ghana", "independence" : 1957},
    {"country" : "Guinea", "independence" : 1958},
    {"country" : "Gambia", "independence" : 1965},
    {"country" : "Guinea-Bissau", "independence" : 1974},
    {"country" : "Equatorial Guinea", "independence" : 1968},
    {"country" : "Greece", "independence" : 1830},
    {"country" : "Grenada", "independence" : 1974},
    {"country" : "Guatemala", "independence" : 1821},
    {"country" : "Guyana", "independence" : 1966},
    {"country" : "Honduras", "independence" : 1838},
    {"country" : "Croatia", "independence" : 1991},
    {"country" : "Haiti", "independence" : 1804},
    {"country" : "Hungary", "independence" : 1918},
    {"country" : "Indonesia", "independence" : 1945},
    {"country" : "India", "independence" : 1947},
    {"country" : "Ireland", "independence" : 1921},
    {"country" : "Iran", "independence" : 1906},
    {"country" : "Iraq", "independence" : 1932},
    {"country" : "Iceland", "independence" : 1944},
    {"country" : "Israel", "independence" : 1948},
    {"country" : "Italy", "independence" : 1861},
    {"country" : "Jamaica", "independence" : 1962},
    {"country" : "Jordan", "independence" : 1946},
    {"country" : "Japan", "independence" : -660},
    {"country" : "Kazakstan", "independence" : 1991},
    {"country" : "Kenya", "independence" : 1963},
    {"country" : "Kyrgyzstan", "independence" : 1991},
    {"country" : "Cambodia", "independence" : 1953},
    {"country" : "Kiribati", "independence" : 1979},
    {"country" : "Saint Kitts and Nevis", "independence" : 1983},
    {"country" : "South Korea", "independence" : 1948},
    {"country" : "Kuwait", "independence" : 1961},
    {"country" : "Laos", "independence" : 1953},
    {"country" : "Lebanon", "independence" : 1941},
    {"country" : "Liberia", "independence" : 1847},
    {"country" : "Libyan Arab Jamahiriya", "independence" : 1951},
    {"country" : "Saint Lucia", "independence" : 1979},
    {"country" : "Liechtenstein", "independence" : 1806},
    {"country" : "Sri Lanka", "independence" : 1948},
    {"country" : "Lesotho", "independence" : 1966},
    {"country" : "Lithuania", "independence" : 1991},
    {"country" : "Luxembourg", "independence" : 1867},
    {"country" : "Latvia", "independence" : 1991},
    {"country" : "Morocco", "independence" : 1956},
    {"country" : "Monaco", "independence" : 1861},
    {"country" : "Moldova", "independence" : 1991},
    {"country" : "Madagascar", "independence" : 1960},
    {"country" : "Maldives", "independence" : 1965},
    {"country" : "Mexico", "independence" : 1810},
    {"country" : "Marshall Islands", "independence" : 1990},
    {"country" : "Macedonia", "independence" : 1991},
    {"country" : "Mali", "independence" : 1960},
    {"country" : "Malta", "independence" : 1964},
    {"country" : "Myanmar", "independence" : 1948},
    {"country" : "Mongolia", "independence" : 1921},
    {"country" : "Mozambique", "independence" : 1975},
    {"country" : "Mauritania", "independence" : 1960},
    {"country" : "Mauritius", "independence" : 1968},
    {"country" : "Malawi", "independence" : 1964},
    {"country" : "Malaysia", "independence" : 1957},
    {"country" : "Namibia", "independence" : 1990},
    {"country" : "Niger", "independence" : 1960},
    {"country" : "Nigeria", "independence" : 1960},
    {"country" : "Nicaragua", "independence" : 1838},
    {"country" : "Netherlands", "independence" : 1581},
    {"country" : "Norway", "independence" : 1905},
    {"country" : "Nepal", "independence" : 1769},
    {"country" : "Nauru", "independence" : 1968},
    {"country" : "New Zealand", "independence" : 1907},
    {"country" : "Oman", "independence" : 1951},
    {"country" : "Pakistan", "independence" : 1947},
    {"country" : "Panama", "independence" : 1903},
    {"country" : "Peru", "independence" : 1821},
    {"country" : "Philippines", "independence" : 1946},
    {"country" : "Palau", "independence" : 1994},
    {"country" : "Papua New Guinea", "independence" : 1975},
    {"country" : "Poland", "independence" : 1918},
    {"country" : "North Korea", "independence" : 1948},
    {"country" : "Portugal", "independence" : 1143},
    {"country" : "Paraguay", "independence" : 1811},
    {"country" : "Qatar", "independence" : 1971},
    {"country" : "Romania", "independence" : 1878},
    {"country" : "Russian Federation", "independence" : 1991},
    {"country" : "Rwanda", "independence" : 1962},
    {"country" : "Saudi Arabia", "independence" : 1932},
    {"country" : "Sudan", "independence" : 1956},
    {"country" : "South Sudan", "independence" : 2011},
    {"country" : "Senegal", "independence" : 1960},
    {"country" : "Singapore", "independence" : 1965},
    {"country" : "Solomon Islands", "independence" : 1978},
    {"country" : "Sierra Leone", "independence" : 1961},
    {"country" : "El Salvador", "independence" : 1841},
    {"country" : "San Marino", "independence" : 885},
    {"country" : "Somalia", "independence" : 1960},
    {"country" : "Sao Tome and Principe", "independence" : 1975},
    {"country" : "Suriname", "independence" : 1975},
    {"country" : "Slovakia", "independence" : 1993},
    {"country" : "Slovenia", "independence" : 1991},
    {"country" : "Sweden", "independence" : 836},
    {"country" : "Swaziland", "independence" : 1968},
    {"country" : "Switzerland", "independence" : 1499},
    {"country" : "Seychelles", "independence" : 1976},
    {"country" : "Syria", "independence" : 1941},
    {"country" : "Chad", "independence" : 1960},
    {"country" : "Togo", "independence" : 1960},
    {"country" : "Thailand", "independence" : 1350},
    {"country" : "Tajikistan", "independence" : 1991},
    {"country" : "Turkmenistan", "independence" : 1991},
    {"country" : "Tonga", "independence" : 1970},
    {"country" : "Trinidad and Tobago", "independence" : 1962},
    {"country" : "Tunisia", "independence" : 1956},
    {"country" : "Turkey", "independence" : 1923},
    {"country" : "Tuvalu", "independence" : 1978},
    {"country" : "Taiwan", "independence" : 1945},
    {"country" : "Tanzania", "independence" : 1961},
    {"country" : "Uganda", "independence" : 1962},
    {"country" : "Ukraine", "independence" : 1991},
    {"country" : "Uruguay", "independence" : 1828},
    {"country" : "United States", "independence" : 1776},
    {"country" : "Uzbekistan", "independence" : 1991},
    {"country" : "Holy See (Vatican City State)", "independence" : 1929},
    {"country" : "Saint Vincent and the Grenadines", "independence" : 1979},
    {"country" : "Venezuela", "independence" : 1811},
    {"country" : "Vietnam", "independence" : 1945},
    {"country" : "Vanuatu", "independence" : 1980},
    {"country" : "Samoa", "independence" : 1962},
    {"country" : "Yemen", "independence" : 1918},
    {"country" : "Yugoslavia", "independence" : 1918},
    {"country" : "South Africa", "independence" : 1910},
    {"country" : "Zambia", "independence" : 1964},
    {"country" : "Zimbabwe", "independence" : 1980}
    ]
    