[
{"country" : "Andorra","iso" : "020"},
{"country" : "United Arab Emirates","iso" : "784"},
{"country" : "Afghanistan","iso" : "004"},
{"country" : "Antigua and Barbuda","iso" : "028"},
{"country" : "Anguilla","iso" : "660"},
{"country" : "Albania","iso" : "008"},
{"country" : "Armenia","iso" : "051"},
{"country" : "Angola","iso" : "024"},
{"country" : "Antarctica","iso" : "010"},
{"country" : "Argentina","iso" : "032"},
{"country" : "American Samoa","iso" : "016"},
{"country" : "Austria","iso" : "040"},
{"country" : "Australia","iso" : "036"},
{"country" : "Aruba","iso" : "533"},
{"country" : "Åland","iso" : "248"},
{"country" : "Azerbaijan","iso" : "031"},
{"country" : "Bosnia and Herzegovina","iso" : "070"},
{"country" : "Barbados","iso" : "052"},
{"country" : "Bangladesh","iso" : "050"},
{"country" : "Belgium","iso" : "056"},
{"country" : "Burkina Faso","iso" : "854"},
{"country" : "Bulgaria","iso" : "100"},
{"country" : "Bahrain","iso" : "048"},
{"country" : "Burundi","iso" : "108"},
{"country" : "Benin","iso" : "204"},
{"country" : "Saint Barthélemy","iso" : "652"},
{"country" : "Bermuda","iso" : "060"},
{"country" : "Brunei","iso" : "096"},
{"country" : "Bolivia","iso" : "068"},
{"country" : "Bonaire","iso" : "535"},
{"country" : "Brazil","iso" : "076"},
{"country" : "Bahamas","iso" : "044"},
{"country" : "Bhutan","iso" : "064"},
{"country" : "Bouvet Island","iso" : "074"},
{"country" : "Botswana","iso" : "072"},
{"country" : "Belarus","iso" : "112"},
{"country" : "Belize","iso" : "084"},
{"country" : "Canada","iso" : "124"},
{"country" : "Cocos [Keeling] Islands","iso" : "166"},
{"country" : "Democratic Republic of the Congo","iso" : "180"},
{"country" : "Central African Republic","iso" : "140"},
{"country" : "Republic of the Congo","iso" : "178"},
{"country" : "Switzerland","iso" : "756"},
{"country" : "Ivory Coast","iso" : "384"},
{"country" : "Cook Islands","iso" : "184"},
{"country" : "Chile","iso" : "152"},
{"country" : "Cameroon","iso" : "120"},
{"country" : "China","iso" : "156"},
{"country" : "Colombia","iso" : "170"},
{"country" : "Costa Rica","iso" : "188"},
{"country" : "Cuba","iso" : "192"},
{"country" : "Cape Verde","iso" : "132"},
{"country" : "Curacao","iso" : "531"},
{"country" : "Christmas Island","iso" : "162"},
{"country" : "Cyprus","iso" : "196"},
{"country" : "Czech Republic","iso" : "203"},
{"country" : "Germany","iso" : "276"},
{"country" : "Djibouti","iso" : "262"},
{"country" : "Denmark","iso" : "208"},
{"country" : "Dominica","iso" : "212"},
{"country" : "Dominican Republic","iso" : "214"},
{"country" : "Algeria","iso" : "012"},
{"country" : "Ecuador","iso" : "218"},
{"country" : "Estonia","iso" : "233"},
{"country" : "Egypt","iso" : "818"},
{"country" : "Western Sahara","iso" : "732"},
{"country" : "Eritrea","iso" : "232"},
{"country" : "Spain","iso" : "724"},
{"country" : "Ethiopia","iso" : "231"},
{"country" : "Finland","iso" : "246"},
{"country" : "Fiji","iso" : "242"},
{"country" : "Falkland Islands","iso" : "238"},
{"country" : "Micronesia","iso" : "583"},
{"country" : "Faroe Islands","iso" : "234"},
{"country" : "France","iso" : "250"},
{"country" : "Gabon","iso" : "266"},
{"country" : "United Kingdom","iso" : "826"},
{"country" : "Grenada","iso" : "308"},
{"country" : "Georgia","iso" : "268"},
{"country" : "French Guiana","iso" : "254"},
{"country" : "Guernsey","iso" : "831"},
{"country" : "Ghana","iso" : "288"},
{"country" : "Gibraltar","iso" : "292"},
{"country" : "Greenland","iso" : "304"},
{"country" : "Gambia","iso" : "270"},
{"country" : "Guinea","iso" : "324"},
{"country" : "Guadeloupe","iso" : "312"},
{"country" : "Equatorial Guinea","iso" : "226"},
{"country" : "Greece","iso" : "300"},
{"country" : "South Georgia and the South Sandwich Islands","iso" : "239"},
{"country" : "Guatemala","iso" : "320"},
{"country" : "Guam","iso" : "316"},
{"country" : "Guinea-Bissau","iso" : "624"},
{"country" : "Guyana","iso" : "328"},
{"country" : "Hong Kong","iso" : "344"},
{"country" : "Heard Island and McDonald Islands","iso" : "334"},
{"country" : "Honduras","iso" : "340"},
{"country" : "Croatia","iso" : "191"},
{"country" : "Haiti","iso" : "332"},
{"country" : "Hungary","iso" : "348"},
{"country" : "Indonesia","iso" : "360"},
{"country" : "Ireland","iso" : "372"},
{"country" : "Israel","iso" : "376"},
{"country" : "Isle of Man","iso" : "833"},
{"country" : "India","iso" : "356"},
{"country" : "British Indian Ocean Territory","iso" : "086"},
{"country" : "Iraq","iso" : "368"},
{"country" : "Iran","iso" : "364"},
{"country" : "Iceland","iso" : "352"},
{"country" : "Italy","iso" : "380"},
{"country" : "Jersey","iso" : "832"},
{"country" : "Jamaica","iso" : "388"},
{"country" : "Jordan","iso" : "400"},
{"country" : "Japan","iso" : "392"},
{"country" : "Kenya","iso" : "404"},
{"country" : "Kyrgyzstan","iso" : "417"},
{"country" : "Cambodia","iso" : "116"},
{"country" : "Kiribati","iso" : "296"},
{"country" : "Comoros","iso" : "174"},
{"country" : "Saint Kitts and Nevis","iso" : "659"},
{"country" : "North Korea","iso" : "408"},
{"country" : "South Korea","iso" : "410"},
{"country" : "Kuwait","iso" : "414"},
{"country" : "Cayman Islands","iso" : "136"},
{"country" : "Kazakhstan","iso" : "398"},
{"country" : "Laos","iso" : "418"},
{"country" : "Lebanon","iso" : "422"},
{"country" : "Saint Lucia","iso" : "662"},
{"country" : "Liechtenstein","iso" : "438"},
{"country" : "Sri Lanka","iso" : "144"},
{"country" : "Liberia","iso" : "430"},
{"country" : "Lesotho","iso" : "426"},
{"country" : "Lithuania","iso" : "440"},
{"country" : "Luxembourg","iso" : "442"},
{"country" : "Latvia","iso" : "428"},
{"country" : "Libya","iso" : "434"},
{"country" : "Morocco","iso" : "504"},
{"country" : "Monaco","iso" : "492"},
{"country" : "Moldova","iso" : "498"},
{"country" : "Montenegro","iso" : "499"},
{"country" : "Saint Martin","iso" : "663"},
{"country" : "Madagascar","iso" : "450"},
{"country" : "Marshall Islands","iso" : "584"},
{"country" : "Macedonia","iso" : "807"},
{"country" : "Mali","iso" : "466"},
{"country" : "Myanmar [Burma]","iso" : "104"},
{"country" : "Mongolia","iso" : "496"},
{"country" : "Macao","iso" : "446"},
{"country" : "Northern Mariana Islands","iso" : "580"},
{"country" : "Martinique","iso" : "474"},
{"country" : "Mauritania","iso" : "478"},
{"country" : "Montserrat","iso" : "500"},
{"country" : "Malta","iso" : "470"},
{"country" : "Mauritius","iso" : "480"},
{"country" : "Maldives","iso" : "462"},
{"country" : "Malawi","iso" : "454"},
{"country" : "Mexico","iso" : "484"},
{"country" : "Malaysia","iso" : "458"},
{"country" : "Mozambique","iso" : "508"},
{"country" : "Namibia","iso" : "516"},
{"country" : "New Caledonia","iso" : "540"},
{"country" : "Niger","iso" : "562"},
{"country" : "Norfolk Island","iso" : "574"},
{"country" : "Nigeria","iso" : "566"},
{"country" : "Nicaragua","iso" : "558"},
{"country" : "Netherlands","iso" : "528"},
{"country" : "Norway","iso" : "578"},
{"country" : "Nepal","iso" : "524"},
{"country" : "Nauru","iso" : "520"},
{"country" : "Niue","iso" : "570"},
{"country" : "New Zealand","iso" : "554"},
{"country" : "Oman","iso" : "512"},
{"country" : "Panama","iso" : "591"},
{"country" : "Peru","iso" : "604"},
{"country" : "French Polynesia","iso" : "258"},
{"country" : "Papua New Guinea","iso" : "598"},
{"country" : "Philippines","iso" : "608"},
{"country" : "Pakistan","iso" : "586"},
{"country" : "Poland","iso" : "616"},
{"country" : "Saint Pierre and Miquelon","iso" : "666"},
{"country" : "Pitcairn Islands","iso" : "612"},
{"country" : "Puerto Rico","iso" : "630"},
{"country" : "Palestine","iso" : "275"},
{"country" : "Portugal","iso" : "620"},
{"country" : "Palau","iso" : "585"},
{"country" : "Paraguay","iso" : "600"},
{"country" : "Qatar","iso" : "634"},
{"country" : "Réunion","iso" : "638"},
{"country" : "Romania","iso" : "642"},
{"country" : "Serbia","iso" : "688"},
{"country" : "Russia","iso" : "643"},
{"country" : "Rwanda","iso" : "646"},
{"country" : "Saudi Arabia","iso" : "682"},
{"country" : "Solomon Islands","iso" : "090"},
{"country" : "Seychelles","iso" : "690"},
{"country" : "Sudan","iso" : "729"},
{"country" : "Sweden","iso" : "752"},
{"country" : "Singapore","iso" : "702"},
{"country" : "Saint Helena","iso" : "654"},
{"country" : "Slovenia","iso" : "705"},
{"country" : "Svalbard and Jan Mayen","iso" : "744"},
{"country" : "Slovakia","iso" : "703"},
{"country" : "Sierra Leone","iso" : "694"},
{"country" : "San Marino","iso" : "674"},
{"country" : "Senegal","iso" : "686"},
{"country" : "Somalia","iso" : "706"},
{"country" : "Suriname","iso" : "740"},
{"country" : "South Sudan","iso" : "728"},
{"country" : "São Tomé and Príncipe","iso" : "678"},
{"country" : "El Salvador","iso" : "222"},
{"country" : "Sint Maarten","iso" : "534"},
{"country" : "Syria","iso" : "760"},
{"country" : "Swaziland","iso" : "748"},
{"country" : "Turks and Caicos Islands","iso" : "796"},
{"country" : "Chad","iso" : "148"},
{"country" : "French Southern Territories","iso" : "260"},
{"country" : "Togo","iso" : "768"},
{"country" : "Thailand","iso" : "764"},
{"country" : "Tajikistan","iso" : "762"},
{"country" : "Tokelau","iso" : "772"},
{"country" : "East Timor","iso" : "626"},
{"country" : "Turkmenistan","iso" : "795"},
{"country" : "Tunisia","iso" : "788"},
{"country" : "Tonga","iso" : "776"},
{"country" : "Turkey","iso" : "792"},
{"country" : "Trinidad and Tobago","iso" : "780"},
{"country" : "Tuvalu","iso" : "798"},
{"country" : "Taiwan","iso" : "158"},
{"country" : "Tanzania","iso" : "834"},
{"country" : "Ukraine","iso" : "804"},
{"country" : "Uganda","iso" : "800"},
{"country" : "U.S. Minor Outlying Islands","iso" : "581"},
{"country" : "United States","iso" : "840"},
{"country" : "Uruguay","iso" : "858"},
{"country" : "Uzbekistan","iso" : "860"},
{"country" : "Vatican City","iso" : "336"},
{"country" : "Saint Vincent and the Grenadines","iso" : "670"},
{"country" : "Venezuela","iso" : "862"},
{"country" : "British Virgin Islands","iso" : "092"},
{"country" : "U.S. Virgin Islands","iso" : "850"},
{"country" : "Vietnam","iso" : "704"},
{"country" : "Vanuatu","iso" : "548"},
{"country" : "Wallis and Futuna","iso" : "876"},
{"country" : "Samoa","iso" : "882"},
{"country" : "Kosovo","iso" : "0"},
{"country" : "Yemen","iso" : "887"},
{"country" : "Mayotte","iso" : "175"},
{"country" : "South Africa","iso" : "710"},
{"country" : "Zambia","iso" : "894"},
{"country" : "Zimbabwe","iso" : "716"}
]
