[
 {"country" : "Aruba", "language": "Dutch"},
 {"country" : "Aruba", "language": "English"},
 {"country" : "Aruba", "language": "Papiamento"},
 {"country" : "Aruba", "language": "Spanish"},
 {"country" : "Afghanistan", "language": "Balochi"},
 {"country" : "Afghanistan", "language": "Dari"},
 {"country" : "Afghanistan", "language": "Pashto"},
 {"country" : "Afghanistan", "language": "Turkmenian"},
 {"country" : "Afghanistan", "language": "Uzbek"},
 {"country" : "Angola", "language": "Ambo"},
 {"country" : "Angola", "language": "Chokwe"},
 {"country" : "Angola", "language": "Kongo"},
 {"country" : "Angola", "language": "Luchazi"},
 {"country" : "Angola", "language": "Luimbe-nganguela"},
 {"country" : "Angola", "language": "Luvale"},
 {"country" : "Angola", "language": "Mbundu"},
 {"country" : "Angola", "language": "Nyaneka-nkhumbi"},
 {"country" : "Angola", "language": "Ovimbundu"},
 {"country" : "Anguilla", "language": "English"},
 {"country" : "Albania", "language": "Albaniana"},
 {"country" : "Albania", "language": "Greek"},
 {"country" : "Albania", "language": "Macedonian"},
 {"country" : "Andorra", "language": "Catalan"},
 {"country" : "Andorra", "language": "French"},
 {"country" : "Andorra", "language": "Portuguese"},
 {"country" : "Andorra", "language": "Spanish"},
 {"country" : "Netherlands Antilles", "language": "Dutch"},
 {"country" : "Netherlands Antilles", "language": "English"},
 {"country" : "Netherlands Antilles", "language": "Papiamento"},
 {"country" : "United Arab Emirates", "language": "Arabic"},
 {"country" : "United Arab Emirates", "language": "Hindi"},
 {"country" : "Argentina", "language": "Indian Languages"},
 {"country" : "Argentina", "language": "Italian"},
 {"country" : "Argentina", "language": "Spanish"},
 {"country" : "Armenia", "language": "Armenian"},
 {"country" : "Armenia", "language": "Azerbaijani"},
 {"country" : "American Samoa", "language": "English"},
 {"country" : "American Samoa", "language": "Samoan"},
 {"country" : "American Samoa", "language": "Tongan"},
 {"country" : "Antigua and Barbuda", "language": "Creole English"},
 {"country" : "Antigua and Barbuda", "language": "English"},
 {"country" : "Australia", "language": "Arabic"},
 {"country" : "Australia", "language": "Canton Chinese"},
 {"country" : "Australia", "language": "English"},
 {"country" : "Australia", "language": "German"},
 {"country" : "Australia", "language": "Greek"},
 {"country" : "Australia", "language": "Italian"},
 {"country" : "Australia", "language": "Serbo-Croatian"},
 {"country" : "Australia", "language": "Vietnamese"},
 {"country" : "Austria", "language": "Czech"},
 {"country" : "Austria", "language": "German"},
 {"country" : "Austria", "language": "Hungarian"},
 {"country" : "Austria", "language": "Polish"},
 {"country" : "Austria", "language": "Romanian"},
 {"country" : "Austria", "language": "Serbo-Croatian"},
 {"country" : "Austria", "language": "Slovene"},
 {"country" : "Austria", "language": "Turkish"},
 {"country" : "Azerbaijan", "language": "Armenian"},
 {"country" : "Azerbaijan", "language": "Azerbaijani"},
 {"country" : "Azerbaijan", "language": "Lezgian"},
 {"country" : "Azerbaijan", "language": "Russian"},
 {"country" : "Burundi", "language": "French"},
 {"country" : "Burundi", "language": "Kirundi"},
 {"country" : "Burundi", "language": "Swahili"},
 {"country" : "Belgium", "language": "Arabic"},
 {"country" : "Belgium", "language": "Dutch"},
 {"country" : "Belgium", "language": "French"},
 {"country" : "Belgium", "language": "German"},
 {"country" : "Belgium", "language": "Italian"},
 {"country" : "Belgium", "language": "Turkish"},
 {"country" : "Benin", "language": "Adja"},
 {"country" : "Benin", "language": "Aizo"},
 {"country" : "Benin", "language": "Bariba"},
 {"country" : "Benin", "language": "Fon"},
 {"country" : "Benin", "language": "Ful"},
 {"country" : "Benin", "language": "Joruba"},
 {"country" : "Benin", "language": "Somba"},
 {"country" : "Burkina Faso", "language": "Busansi"},
 {"country" : "Burkina Faso", "language": "Dagara"},
 {"country" : "Burkina Faso", "language": "Dyula"},
 {"country" : "Burkina Faso", "language": "Ful"},
 {"country" : "Burkina Faso", "language": "Gurma"},
 {"country" : "Burkina Faso", "language": "Mossi"},
 {"country" : "Bangladesh", "language": "Bengali"},
 {"country" : "Bangladesh", "language": "Chakma"},
 {"country" : "Bangladesh", "language": "Garo"},
 {"country" : "Bangladesh", "language": "Khasi"},
 {"country" : "Bangladesh", "language": "Marma"},
 {"country" : "Bangladesh", "language": "Santhali"},
 {"country" : "Bangladesh", "language": "Tripuri"},
 {"country" : "Bulgaria", "language": "Bulgariana"},
 {"country" : "Bulgaria", "language": "Macedonian"},
 {"country" : "Bulgaria", "language": "Romani"},
 {"country" : "Bulgaria", "language": "Turkish"},
 {"country" : "Bahrain", "language": "Arabic"},
 {"country" : "Bahrain", "language": "English"},
 {"country" : "Bahamas", "language": "Creole English"},
 {"country" : "Bahamas", "language": "Creole French"},
 {"country" : "Bosnia and Herzegovina", "language": "Bosnian"},
 {"country" : "Belarus", "language": "Belorussian"},
 {"country" : "Belarus", "language": "Polish"},
 {"country" : "Belarus", "language": "Russian"},
 {"country" : "Belarus", "language": "Ukrainian"},
 {"country" : "Belize", "language": "English"},
 {"country" : "Belize", "language": "Garifuna"},
 {"country" : "Belize", "language": "Maya Languages"},
 {"country" : "Belize", "language": "Spanish"},
 {"country" : "Bermuda", "language": "English"},
 {"country" : "Bolivia", "language": "Aimará"},
 {"country" : "Bolivia", "language": "Guaraní"},
 {"country" : "Bolivia", "language": "Ketua"},
 {"country" : "Bolivia", "language": "Spanish"},
 {"country" : "Brazil", "language": "German"},
 {"country" : "Brazil", "language": "Indian Languages"},
 {"country" : "Brazil", "language": "Italian"},
 {"country" : "Brazil", "language": "Japanese"},
 {"country" : "Brazil", "language": "Portuguese"},
 {"country" : "Barbados", "language": "Bajan"},
 {"country" : "Barbados", "language": "English"},
 {"country" : "Brunei", "language": "Chinese"},
 {"country" : "Brunei", "language": "English"},
 {"country" : "Brunei", "language": "Malay"},
 {"country" : "Brunei", "language": "Malay-English"},
 {"country" : "Bhutan", "language": "Asami"},
 {"country" : "Bhutan", "language": "Dzongkha"},
 {"country" : "Bhutan", "language": "Nepali"},
 {"country" : "Botswana", "language": "Khoekhoe"},
 {"country" : "Botswana", "language": "Ndebele"},
 {"country" : "Botswana", "language": "San"},
 {"country" : "Botswana", "language": "Shona"},
 {"country" : "Botswana", "language": "Tswana"},
 {"country" : "Central African Republic", "language": "Banda"},
 {"country" : "Central African Republic", "language": "Gbaya"},
 {"country" : "Central African Republic", "language": "Mandjia"},
 {"country" : "Central African Republic", "language": "Mbum"},
 {"country" : "Central African Republic", "language": "Ngbaka"},
 {"country" : "Central African Republic", "language": "Sara"},
 {"country" : "Canada", "language": "Chinese"},
 {"country" : "Canada", "language": "Dutch"},
 {"country" : "Canada", "language": "English"},
 {"country" : "Canada", "language": "Eskimo Languages"},
 {"country" : "Canada", "language": "French"},
 {"country" : "Canada", "language": "German"},
 {"country" : "Canada", "language": "Italian"},
 {"country" : "Canada", "language": "Polish"},
 {"country" : "Canada", "language": "Portuguese"},
 {"country" : "Canada", "language": "Punjabi"},
 {"country" : "Canada", "language": "Spanish"},
 {"country" : "Canada", "language": "Ukrainian"},
 {"country" : "Cocos (Keeling) Islands", "language": "English"},
 {"country" : "Cocos (Keeling) Islands", "language": "Malay"},
 {"country" : "Switzerland", "language": "French"},
 {"country" : "Switzerland", "language": "German"},
 {"country" : "Switzerland", "language": "Italian"},
 {"country" : "Switzerland", "language": "Romansh"},
 {"country" : "Chile", "language": "Aimará"},
 {"country" : "Chile", "language": "Araucan"},
 {"country" : "Chile", "language": "Rapa nui"},
 {"country" : "Chile", "language": "Spanish"},
 {"country" : "China", "language": "Chinese"},
 {"country" : "China", "language": "Dong"},
 {"country" : "China", "language": "Hui"},
 {"country" : "China", "language": "Mantu"},
 {"country" : "China", "language": "Miao"},
 {"country" : "China", "language": "Mongolian"},
 {"country" : "China", "language": "Puyi"},
 {"country" : "China", "language": "Tibetan"},
 {"country" : "China", "language": "Tujia"},
 {"country" : "China", "language": "Uighur"},
 {"country" : "China", "language": "Yi"},
 {"country" : "China", "language": "Zhuang"},
 {"country" : "Ivory Coast", "language": "Akan"},
 {"country" : "Ivory Coast", "language": "Gur"},
 {"country" : "Ivory Coast", "language": "Kru"},
 {"country" : "Ivory Coast", "language": "Malinke"},
 {"country" : "Ivory Coast", "language": "[South]Mande"},
 {"country" : "Cameroon", "language": "Bamileke-bamum"},
 {"country" : "Cameroon", "language": "Duala"},
 {"country" : "Cameroon", "language": "Fang"},
 {"country" : "Cameroon", "language": "Ful"},
 {"country" : "Cameroon", "language": "Maka"},
 {"country" : "Cameroon", "language": "Mandara"},
 {"country" : "Cameroon", "language": "Masana"},
 {"country" : "Cameroon", "language": "Tikar"},
 {"country" : "Congo, The Democratic Republic of the", "language": "Boa"},
 {"country" : "Congo, The Democratic Republic of the", "language": "Chokwe"},
 {"country" : "Congo, The Democratic Republic of the", "language": "Kongo"},
 {"country" : "Congo, The Democratic Republic of the", "language": "Luba"},
 {"country" : "Congo, The Democratic Republic of the", "language": "Mongo"},
 {"country" : "Congo, The Democratic Republic of the", "language": "Ngala and Bangi"},
 {"country" : "Congo, The Democratic Republic of the", "language": "Rundi"},
 {"country" : "Congo, The Democratic Republic of the", "language": "Rwanda"},
 {"country" : "Congo, The Democratic Republic of the", "language": "Teke"},
 {"country" : "Congo, The Democratic Republic of the", "language": "Zande"},
 {"country" : "Congo", "language": "Kongo"},
 {"country" : "Congo", "language": "Mbete"},
 {"country" : "Congo", "language": "Mboshi"},
 {"country" : "Congo", "language": "Punu"},
 {"country" : "Congo", "language": "Sango"},
 {"country" : "Congo", "language": "Teke"},
 {"country" : "Cook Islands", "language": "English"},
 {"country" : "Cook Islands", "language": "Maori"},
 {"country" : "Colombia", "language": "Arawakan"},
 {"country" : "Colombia", "language": "Caribbean"},
 {"country" : "Colombia", "language": "Chibcha"},
 {"country" : "Colombia", "language": "Creole English"},
 {"country" : "Colombia", "language": "Spanish"},
 {"country" : "Comoros", "language": "Comorian"},
 {"country" : "Comoros", "language": "Comorian-Arabic"},
 {"country" : "Comoros", "language": "Comorian-French"},
 {"country" : "Comoros", "language": "Comorian-madagassi"},
 {"country" : "Comoros", "language": "Comorian-Swahili"},
 {"country" : "Cape Verde", "language": "Crioulo"},
 {"country" : "Cape Verde", "language": "Portuguese"},
 {"country" : "Costa Rica", "language": "Chibcha"},
 {"country" : "Costa Rica", "language": "Chinese"},
 {"country" : "Costa Rica", "language": "Creole English"},
 {"country" : "Costa Rica", "language": "Spanish"},
 {"country" : "Cuba", "language": "Spanish"},
 {"country" : "Christmas Island", "language": "Chinese"},
 {"country" : "Christmas Island", "language": "English"},
 {"country" : "Cayman Islands", "language": "English"},
 {"country" : "Cyprus", "language": "Greek"},
 {"country" : "Cyprus", "language": "Turkish"},
 {"country" : "Czech Republic", "language": "Czech"},
 {"country" : "Czech Republic", "language": "German"},
 {"country" : "Czech Republic", "language": "Hungarian"},
 {"country" : "Czech Republic", "language": "Moravian"},
 {"country" : "Czech Republic", "language": "Polish"},
 {"country" : "Czech Republic", "language": "Romani"},
 {"country" : "Czech Republic", "language": "Silesiana"},
 {"country" : "Czech Republic", "language": "Slovak"},
 {"country" : "Germany", "language": "German"},
 {"country" : "Germany", "language": "Greek"},
 {"country" : "Germany", "language": "Italian"},
 {"country" : "Germany", "language": "Polish"},
 {"country" : "Germany", "language": "Southern Slavic Languages"},
 {"country" : "Germany", "language": "Turkish"},
 {"country" : "Djibouti", "language": "Afar"},
 {"country" : "Djibouti", "language": "Arabic"},
 {"country" : "Djibouti", "language": "Somali"},
 {"country" : "Dominica", "language": "Creole English"},
 {"country" : "Dominica", "language": "Creole French"},
 {"country" : "Denmark", "language": "Arabic"},
 {"country" : "Denmark", "language": "Danish"},
 {"country" : "Denmark", "language": "English"},
 {"country" : "Denmark", "language": "German"},
 {"country" : "Denmark", "language": "Norwegian"},
 {"country" : "Denmark", "language": "Swedish"},
 {"country" : "Denmark", "language": "Turkish"},
 {"country" : "Dominican Republic", "language": "Creole French"},
 {"country" : "Dominican Republic", "language": "Spanish"},
 {"country" : "Algeria", "language": "Arabic"},
 {"country" : "Algeria", "language": "Berberi"},
 {"country" : "Ecuador", "language": "Ketua"},
 {"country" : "Ecuador", "language": "Spanish"},
 {"country" : "Egypt", "language": "Arabic"},
 {"country" : "Egypt", "language": "Sinaberberi"},
 {"country" : "Eritrea", "language": "Afar"},
 {"country" : "Eritrea", "language": "Bilin"},
 {"country" : "Eritrea", "language": "Hadareb"},
 {"country" : "Eritrea", "language": "Saho"},
 {"country" : "Eritrea", "language": "Tigre"},
 {"country" : "Eritrea", "language": "Tigrigna"},
 {"country" : "Western Sahara", "language": "Arabic"},
 {"country" : "Spain", "language": "Basque"},
 {"country" : "Spain", "language": "Catalan"},
 {"country" : "Spain", "language": "Galecian"},
 {"country" : "Spain", "language": "Spanish"},
 {"country" : "Estonia", "language": "Belorussian"},
 {"country" : "Estonia", "language": "Estonian"},
 {"country" : "Estonia", "language": "Finnish"},
 {"country" : "Estonia", "language": "Russian"},
 {"country" : "Estonia", "language": "Ukrainian"},
 {"country" : "Ethiopia", "language": "Amharic"},
 {"country" : "Ethiopia", "language": "Gurage"},
 {"country" : "Ethiopia", "language": "Oromo"},
 {"country" : "Ethiopia", "language": "Sidamo"},
 {"country" : "Ethiopia", "language": "Somali"},
 {"country" : "Ethiopia", "language": "Tigrigna"},
 {"country" : "Ethiopia", "language": "Walaita"},
 {"country" : "Finland", "language": "Estonian"},
 {"country" : "Finland", "language": "Finnish"},
 {"country" : "Finland", "language": "Russian"},
 {"country" : "Finland", "language": "Saame"},
 {"country" : "Finland", "language": "Swedish"},
 {"country" : "Fiji Islands", "language": "Fijian"},
 {"country" : "Fiji Islands", "language": "Hindi"},
 {"country" : "Falkland Islands", "language": "English"},
 {"country" : "France", "language": "Arabic"},
 {"country" : "France", "language": "French"},
 {"country" : "France", "language": "Italian"},
 {"country" : "France", "language": "Portuguese"},
 {"country" : "France", "language": "Spanish"},
 {"country" : "France", "language": "Turkish"},
 {"country" : "Faroe Islands", "language": "Danish"},
 {"country" : "Faroe Islands", "language": "Faroese"},
 {"country" : "Micronesia, Federated States of", "language": "Kosrean"},
 {"country" : "Micronesia, Federated States of", "language": "Mortlock"},
 {"country" : "Micronesia, Federated States of", "language": "Pohnpei"},
 {"country" : "Micronesia, Federated States of", "language": "Trukese"},
 {"country" : "Micronesia, Federated States of", "language": "Wolea"},
 {"country" : "Micronesia, Federated States of", "language": "Yap"},
 {"country" : "Gabon", "language": "Fang"},
 {"country" : "Gabon", "language": "Mbete"},
 {"country" : "Gabon", "language": "Mpongwe"},
 {"country" : "Gabon", "language": "Punu-sira-nzebi"},
 {"country" : "United Kingdom", "language": "English"},
 {"country" : "United Kingdom", "language": "Gaeli"},
 {"country" : "United Kingdom", "language": "Kymri"},
 {"country" : "Georgia", "language": "Abhyasi"},
 {"country" : "Georgia", "language": "Armenian"},
 {"country" : "Georgia", "language": "Azerbaijani"},
 {"country" : "Georgia", "language": "Georgiana"},
 {"country" : "Georgia", "language": "Osseetti"},
 {"country" : "Georgia", "language": "Russian"},
 {"country" : "Ghana", "language": "Akan"},
 {"country" : "Ghana", "language": "Ewe"},
 {"country" : "Ghana", "language": "Ga-adangme"},
 {"country" : "Ghana", "language": "Gurma"},
 {"country" : "Ghana", "language": "Joruba"},
 {"country" : "Ghana", "language": "Mossi"},
 {"country" : "Gibraltar", "language": "Arabic"},
 {"country" : "Gibraltar", "language": "English"},
 {"country" : "Guinea", "language": "Ful"},
 {"country" : "Guinea", "language": "Kissi"},
 {"country" : "Guinea", "language": "Kpelle"},
 {"country" : "Guinea", "language": "Loma"},
 {"country" : "Guinea", "language": "Malinke"},
 {"country" : "Guinea", "language": "Susu"},
 {"country" : "Guinea", "language": "Yalunka"},
 {"country" : "Guadeloupe", "language": "Creole French"},
 {"country" : "Guadeloupe", "language": "French"},
 {"country" : "Gambia", "language": "Diola"},
 {"country" : "Gambia", "language": "Ful"},
 {"country" : "Gambia", "language": "Malinke"},
 {"country" : "Gambia", "language": "Soninke"},
 {"country" : "Gambia", "language": "Wolof"},
 {"country" : "Guinea-Bissau", "language": "Balante"},
 {"country" : "Guinea-Bissau", "language": "Crioulo"},
 {"country" : "Guinea-Bissau", "language": "Ful"},
 {"country" : "Guinea-Bissau", "language": "Malinke"},
 {"country" : "Guinea-Bissau", "language": "Mandyako"},
 {"country" : "Guinea-Bissau", "language": "Portuguese"},
 {"country" : "Equatorial Guinea", "language": "Bubi"},
 {"country" : "Equatorial Guinea", "language": "Fang"},
 {"country" : "Greece", "language": "Greek"},
 {"country" : "Greece", "language": "Turkish"},
 {"country" : "Grenada", "language": "Creole English"},
 {"country" : "Greenland", "language": "Danish"},
 {"country" : "Greenland", "language": "Greenlandic"},
 {"country" : "Guatemala", "language": "Cakchiquel"},
 {"country" : "Guatemala", "language": "Kekchí"},
 {"country" : "Guatemala", "language": "Mam"},
 {"country" : "Guatemala", "language": "Quiché"},
 {"country" : "Guatemala", "language": "Spanish"},
 {"country" : "French Guiana", "language": "Creole French"},
 {"country" : "French Guiana", "language": "Indian Languages"},
 {"country" : "Guam", "language": "Chamorro"},
 {"country" : "Guam", "language": "English"},
 {"country" : "Guam", "language": "Japanese"},
 {"country" : "Guam", "language": "Korean"},
 {"country" : "Guam", "language": "Philippene Languages"},
 {"country" : "Guyana", "language": "Arawakan"},
 {"country" : "Guyana", "language": "Caribbean"},
 {"country" : "Guyana", "language": "Creole English"},
 {"country" : "Hong Kong", "language": "Canton Chinese"},
 {"country" : "Hong Kong", "language": "Chiu chau"},
 {"country" : "Hong Kong", "language": "English"},
 {"country" : "Hong Kong", "language": "Fukien"},
 {"country" : "Hong Kong", "language": "Hakka"},
 {"country" : "Honduras", "language": "Creole English"},
 {"country" : "Honduras", "language": "Garifuna"},
 {"country" : "Honduras", "language": "Miskito"},
 {"country" : "Honduras", "language": "Spanish"},
 {"country" : "Croatia", "language": "Serbo-Croatian"},
 {"country" : "Croatia", "language": "Slovene"},
 {"country" : "Haiti", "language": "French"},
 {"country" : "Haiti", "language": "Haiti Creole"},
 {"country" : "Hungary", "language": "German"},
 {"country" : "Hungary", "language": "Hungarian"},
 {"country" : "Hungary", "language": "Romani"},
 {"country" : "Hungary", "language": "Romanian"},
 {"country" : "Hungary", "language": "Serbo-Croatian"},
 {"country" : "Hungary", "language": "Slovak"},
 {"country" : "Indonesia", "language": "Bahasa"},
 {"country" : "Indonesia", "language": "Bali"},
 {"country" : "Indonesia", "language": "Banja"},
 {"country" : "Indonesia", "language": "Batakki"},
 {"country" : "Indonesia", "language": "Bugi"},
 {"country" : "Indonesia", "language": "Javanese"},
 {"country" : "Indonesia", "language": "Madura"},
 {"country" : "Indonesia", "language": "Malay"},
 {"country" : "Indonesia", "language": "Minangkabau"},
 {"country" : "Indonesia", "language": "Sunda"},
 {"country" : "India", "language": "Asami"},
 {"country" : "India", "language": "Bengali"},
 {"country" : "India", "language": "Gujarati"},
 {"country" : "India", "language": "Hindi"},
 {"country" : "India", "language": "Kannada"},
 {"country" : "India", "language": "Malajalam"},
 {"country" : "India", "language": "Marathi"},
 {"country" : "India", "language": "Orija"},
 {"country" : "India", "language": "Punjabi"},
 {"country" : "India", "language": "Tamil"},
 {"country" : "India", "language": "Telugu"},
 {"country" : "India", "language": "Urdu"},
 {"country" : "Ireland", "language": "English"},
 {"country" : "Ireland", "language": "Irish"},
 {"country" : "Iran", "language": "Arabic"},
 {"country" : "Iran", "language": "Azerbaijani"},
 {"country" : "Iran", "language": "Bakhtyari"},
 {"country" : "Iran", "language": "Balochi"},
 {"country" : "Iran", "language": "Gilaki"},
 {"country" : "Iran", "language": "Kurdish"},
 {"country" : "Iran", "language": "Luri"},
 {"country" : "Iran", "language": "Mazandarani"},
 {"country" : "Iran", "language": "Persian"},
 {"country" : "Iran", "language": "Turkmenian"},
 {"country" : "Iraq", "language": "Arabic"},
 {"country" : "Iraq", "language": "Assyrian"},
 {"country" : "Iraq", "language": "Azerbaijani"},
 {"country" : "Iraq", "language": "Kurdish"},
 {"country" : "Iraq", "language": "Persian"},
 {"country" : "Iceland", "language": "English"},
 {"country" : "Iceland", "language": "Icelandic"},
 {"country" : "Israel", "language": "Arabic"},
 {"country" : "Israel", "language": "Hebrew"},
 {"country" : "Israel", "language": "Russian"},
 {"country" : "Italy", "language": "Albaniana"},
 {"country" : "Italy", "language": "French"},
 {"country" : "Italy", "language": "Friuli"},
 {"country" : "Italy", "language": "German"},
 {"country" : "Italy", "language": "Italian"},
 {"country" : "Italy", "language": "Romani"},
 {"country" : "Italy", "language": "Sardinian"},
 {"country" : "Italy", "language": "Slovene"},
 {"country" : "Jamaica", "language": "Creole English"},
 {"country" : "Jamaica", "language": "Hindi"},
 {"country" : "Jordan", "language": "Arabic"},
 {"country" : "Jordan", "language": "Armenian"},
 {"country" : "Jordan", "language": "Circassian"},
 {"country" : "Japan", "language": "Ainu"},
 {"country" : "Japan", "language": "Chinese"},
 {"country" : "Japan", "language": "English"},
 {"country" : "Japan", "language": "Japanese"},
 {"country" : "Japan", "language": "Korean"},
 {"country" : "Japan", "language": "Philippene Languages"},
 {"country" : "Kazakstan", "language": "German"},
 {"country" : "Kazakstan", "language": "Kazakh"},
 {"country" : "Kazakstan", "language": "Russian"},
 {"country" : "Kazakstan", "language": "Tatar"},
 {"country" : "Kazakstan", "language": "Ukrainian"},
 {"country" : "Kazakstan", "language": "Uzbek"},
 {"country" : "Kenya", "language": "Gusii"},
 {"country" : "Kenya", "language": "Kalenjin"},
 {"country" : "Kenya", "language": "Kamba"},
 {"country" : "Kenya", "language": "Kikuyu"},
 {"country" : "Kenya", "language": "Luhya"},
 {"country" : "Kenya", "language": "Luo"},
 {"country" : "Kenya", "language": "Masai"},
 {"country" : "Kenya", "language": "Meru"},
 {"country" : "Kenya", "language": "Nyika"},
 {"country" : "Kenya", "language": "Turkana"},
 {"country" : "Kyrgyzstan", "language": "Kazakh"},
 {"country" : "Kyrgyzstan", "language": "Kirgiz"},
 {"country" : "Kyrgyzstan", "language": "Russian"},
 {"country" : "Kyrgyzstan", "language": "Tadzhik"},
 {"country" : "Kyrgyzstan", "language": "Tatar"},
 {"country" : "Kyrgyzstan", "language": "Ukrainian"},
 {"country" : "Kyrgyzstan", "language": "Uzbek"},
 {"country" : "Cambodia", "language": "Chinese"},
 {"country" : "Cambodia", "language": "Khmer"},
 {"country" : "Cambodia", "language": "Tam"},
 {"country" : "Cambodia", "language": "Vietnamese"},
 {"country" : "Kiribati", "language": "Kiribati"},
 {"country" : "Kiribati", "language": "Tuvalu"},
 {"country" : "Saint Kitts and Nevis", "language": "Creole English"},
 {"country" : "Saint Kitts and Nevis", "language": "English"},
 {"country" : "South Korea", "language": "Chinese"},
 {"country" : "South Korea", "language": "Korean"},
 {"country" : "Kuwait", "language": "Arabic"},
 {"country" : "Kuwait", "language": "English"},
 {"country" : "Laos", "language": "Lao"},
 {"country" : "Laos", "language": "Lao-Soung"},
 {"country" : "Laos", "language": "Mon-khmer"},
 {"country" : "Laos", "language": "Thai"},
 {"country" : "Lebanon", "language": "Arabic"},
 {"country" : "Lebanon", "language": "Armenian"},
 {"country" : "Lebanon", "language": "French"},
 {"country" : "Liberia", "language": "Bassa"},
 {"country" : "Liberia", "language": "Gio"},
 {"country" : "Liberia", "language": "Grebo"},
 {"country" : "Liberia", "language": "Kpelle"},
 {"country" : "Liberia", "language": "Kru"},
 {"country" : "Liberia", "language": "Loma"},
 {"country" : "Liberia", "language": "Malinke"},
 {"country" : "Liberia", "language": "Mano"},
 {"country" : "Libyan Arab Jamahiriya", "language": "Arabic"},
 {"country" : "Libyan Arab Jamahiriya", "language": "Berberi"},
 {"country" : "Saint Lucia", "language": "Creole French"},
 {"country" : "Saint Lucia", "language": "English"},
 {"country" : "Liechtenstein", "language": "German"},
 {"country" : "Liechtenstein", "language": "Italian"},
 {"country" : "Liechtenstein", "language": "Turkish"},
 {"country" : "Sri Lanka", "language": "Mixed Languages"},
 {"country" : "Sri Lanka", "language": "Singali"},
 {"country" : "Sri Lanka", "language": "Tamil"},
 {"country" : "Lesotho", "language": "English"},
 {"country" : "Lesotho", "language": "Sotho"},
 {"country" : "Lesotho", "language": "Zulu"},
 {"country" : "Lithuania", "language": "Belorussian"},
 {"country" : "Lithuania", "language": "Lithuanian"},
 {"country" : "Lithuania", "language": "Polish"},
 {"country" : "Lithuania", "language": "Russian"},
 {"country" : "Lithuania", "language": "Ukrainian"},
 {"country" : "Luxembourg", "language": "French"},
 {"country" : "Luxembourg", "language": "German"},
 {"country" : "Luxembourg", "language": "Italian"},
 {"country" : "Luxembourg", "language": "Luxembourgish"},
 {"country" : "Luxembourg", "language": "Portuguese"},
 {"country" : "Latvia", "language": "Belorussian"},
 {"country" : "Latvia", "language": "Latvian"},
 {"country" : "Latvia", "language": "Lithuanian"},
 {"country" : "Latvia", "language": "Polish"},
 {"country" : "Latvia", "language": "Russian"},
 {"country" : "Latvia", "language": "Ukrainian"},
 {"country" : "Macao", "language": "Canton Chinese"},
 {"country" : "Macao", "language": "English"},
 {"country" : "Macao", "language": "Mandarin Chinese"},
 {"country" : "Macao", "language": "Portuguese"},
 {"country" : "Morocco", "language": "Arabic"},
 {"country" : "Morocco", "language": "Berberi"},
 {"country" : "Monaco", "language": "English"},
 {"country" : "Monaco", "language": "French"},
 {"country" : "Monaco", "language": "Italian"},
 {"country" : "Monaco", "language": "Monegasque"},
 {"country" : "Moldova", "language": "Bulgariana"},
 {"country" : "Moldova", "language": "Gagauzi"},
 {"country" : "Moldova", "language": "Romanian"},
 {"country" : "Moldova", "language": "Russian"},
 {"country" : "Moldova", "language": "Ukrainian"},
 {"country" : "Madagascar", "language": "French"},
 {"country" : "Madagascar", "language": "Malagasy"},
 {"country" : "Maldives", "language": "Dhivehi"},
 {"country" : "Maldives", "language": "English"},
 {"country" : "Mexico", "language": "Mixtec"},
 {"country" : "Mexico", "language": "Náhuatl"},
 {"country" : "Mexico", "language": "Otomí"},
 {"country" : "Mexico", "language": "Spanish"},
 {"country" : "Mexico", "language": "Yucatec"},
 {"country" : "Mexico", "language": "Zapotec"},
 {"country" : "Marshall Islands", "language": "English"},
 {"country" : "Marshall Islands", "language": "Marshallese"},
 {"country" : "Macedonia", "language": "Albaniana"},
 {"country" : "Macedonia", "language": "Macedonian"},
 {"country" : "Macedonia", "language": "Romani"},
 {"country" : "Macedonia", "language": "Serbo-Croatian"},
 {"country" : "Macedonia", "language": "Turkish"},
 {"country" : "Mali", "language": "Bambara"},
 {"country" : "Mali", "language": "Ful"},
 {"country" : "Mali", "language": "Senufo and Minianka"},
 {"country" : "Mali", "language": "Songhai"},
 {"country" : "Mali", "language": "Soninke"},
 {"country" : "Mali", "language": "Tamashek"},
 {"country" : "Malta", "language": "English"},
 {"country" : "Malta", "language": "Maltese"},
 {"country" : "Myanmar", "language": "Burmese"},
 {"country" : "Myanmar", "language": "Chin"},
 {"country" : "Myanmar", "language": "Kachin"},
 {"country" : "Myanmar", "language": "Karen"},
 {"country" : "Myanmar", "language": "Kayah"},
 {"country" : "Myanmar", "language": "Mon"},
 {"country" : "Myanmar", "language": "Rakhine"},
 {"country" : "Myanmar", "language": "Shan"},
 {"country" : "Mongolia", "language": "Bajad"},
 {"country" : "Mongolia", "language": "Buryat"},
 {"country" : "Mongolia", "language": "Dariganga"},
 {"country" : "Mongolia", "language": "Dorbet"},
 {"country" : "Mongolia", "language": "Kazakh"},
 {"country" : "Mongolia", "language": "Mongolian"},
 {"country" : "Northern Mariana Islands", "language": "Carolinian"},
 {"country" : "Northern Mariana Islands", "language": "Chamorro"},
 {"country" : "Northern Mariana Islands", "language": "Chinese"},
 {"country" : "Northern Mariana Islands", "language": "English"},
 {"country" : "Northern Mariana Islands", "language": "Korean"},
 {"country" : "Northern Mariana Islands", "language": "Philippene Languages"},
 {"country" : "Mozambique", "language": "Chuabo"},
 {"country" : "Mozambique", "language": "Lomwe"},
 {"country" : "Mozambique", "language": "Makua"},
 {"country" : "Mozambique", "language": "Marendje"},
 {"country" : "Mozambique", "language": "Nyanja"},
 {"country" : "Mozambique", "language": "Ronga"},
 {"country" : "Mozambique", "language": "Sena"},
 {"country" : "Mozambique", "language": "Shona"},
 {"country" : "Mozambique", "language": "Tsonga"},
 {"country" : "Mozambique", "language": "Tswa"},
 {"country" : "Mauritania", "language": "Ful"},
 {"country" : "Mauritania", "language": "Hassaniya"},
 {"country" : "Mauritania", "language": "Soninke"},
 {"country" : "Mauritania", "language": "Tukulor"},
 {"country" : "Mauritania", "language": "Wolof"},
 {"country" : "Mauritania", "language": "Zenaga"},
 {"country" : "Montserrat", "language": "English"},
 {"country" : "Martinique", "language": "Creole French"},
 {"country" : "Martinique", "language": "French"},
 {"country" : "Mauritius", "language": "Bhojpuri"},
 {"country" : "Mauritius", "language": "Creole French"},
 {"country" : "Mauritius", "language": "French"},
 {"country" : "Mauritius", "language": "Hindi"},
 {"country" : "Mauritius", "language": "Marathi"},
 {"country" : "Mauritius", "language": "Tamil"},
 {"country" : "Malawi", "language": "Chichewa"},
 {"country" : "Malawi", "language": "Lomwe"},
 {"country" : "Malawi", "language": "Ngoni"},
 {"country" : "Malawi", "language": "Yao"},
 {"country" : "Malaysia", "language": "Chinese"},
 {"country" : "Malaysia", "language": "Dusun"},
 {"country" : "Malaysia", "language": "English"},
 {"country" : "Malaysia", "language": "Iban"},
 {"country" : "Malaysia", "language": "Malay"},
 {"country" : "Malaysia", "language": "Tamil"},
 {"country" : "Mayotte", "language": "French"},
 {"country" : "Mayotte", "language": "Mahoré"},
 {"country" : "Mayotte", "language": "Malagasy"},
 {"country" : "Namibia", "language": "Afrikaans"},
 {"country" : "Namibia", "language": "Caprivi"},
 {"country" : "Namibia", "language": "German"},
 {"country" : "Namibia", "language": "Herero"},
 {"country" : "Namibia", "language": "Kavango"},
 {"country" : "Namibia", "language": "Nama"},
 {"country" : "Namibia", "language": "Ovambo"},
 {"country" : "Namibia", "language": "San"},
 {"country" : "New Caledonia", "language": "French"},
 {"country" : "New Caledonia", "language": "Malenasian Languages"},
 {"country" : "New Caledonia", "language": "Polynesian Languages"},
 {"country" : "Niger", "language": "Ful"},
 {"country" : "Niger", "language": "Hausa"},
 {"country" : "Niger", "language": "Kanuri"},
 {"country" : "Niger", "language": "Songhai-zerma"},
 {"country" : "Niger", "language": "Tamashek"},
 {"country" : "Norfolk Island", "language": "English"},
 {"country" : "Nigeria", "language": "Bura"},
 {"country" : "Nigeria", "language": "Edo"},
 {"country" : "Nigeria", "language": "Ful"},
 {"country" : "Nigeria", "language": "Hausa"},
 {"country" : "Nigeria", "language": "Ibibio"},
 {"country" : "Nigeria", "language": "Ibo"},
 {"country" : "Nigeria", "language": "Ijo"},
 {"country" : "Nigeria", "language": "Joruba"},
 {"country" : "Nigeria", "language": "Kanuri"},
 {"country" : "Nigeria", "language": "Tiv"},
 {"country" : "Nicaragua", "language": "Creole English"},
 {"country" : "Nicaragua", "language": "Miskito"},
 {"country" : "Nicaragua", "language": "Spanish"},
 {"country" : "Nicaragua", "language": "Sumo"},
 {"country" : "Niue", "language": "English"},
 {"country" : "Niue", "language": "Niue"},
 {"country" : "Netherlands", "language": "Arabic"},
 {"country" : "Netherlands", "language": "Dutch"},
 {"country" : "Netherlands", "language": "Fries"},
 {"country" : "Netherlands", "language": "Turkish"},
 {"country" : "Norway", "language": "Danish"},
 {"country" : "Norway", "language": "English"},
 {"country" : "Norway", "language": "Norwegian"},
 {"country" : "Norway", "language": "Saame"},
 {"country" : "Norway", "language": "Swedish"},
 {"country" : "Nepal", "language": "Bhojpuri"},
 {"country" : "Nepal", "language": "Hindi"},
 {"country" : "Nepal", "language": "Maithili"},
 {"country" : "Nepal", "language": "Nepali"},
 {"country" : "Nepal", "language": "Newari"},
 {"country" : "Nepal", "language": "Tamang"},
 {"country" : "Nepal", "language": "Tharu"},
 {"country" : "Nauru", "language": "Chinese"},
 {"country" : "Nauru", "language": "English"},
 {"country" : "Nauru", "language": "Kiribati"},
 {"country" : "Nauru", "language": "Nauru"},
 {"country" : "Nauru", "language": "Tuvalu"},
 {"country" : "New Zealand", "language": "English"},
 {"country" : "New Zealand", "language": "Maori"},
 {"country" : "Oman", "language": "Arabic"},
 {"country" : "Oman", "language": "Balochi"},
 {"country" : "Pakistan", "language": "Balochi"},
 {"country" : "Pakistan", "language": "Brahui"},
 {"country" : "Pakistan", "language": "Hindko"},
 {"country" : "Pakistan", "language": "Pashto"},
 {"country" : "Pakistan", "language": "Punjabi"},
 {"country" : "Pakistan", "language": "Saraiki"},
 {"country" : "Pakistan", "language": "Sindhi"},
 {"country" : "Pakistan", "language": "Urdu"},
 {"country" : "Panama", "language": "Arabic"},
 {"country" : "Panama", "language": "Creole English"},
 {"country" : "Panama", "language": "Cuna"},
 {"country" : "Panama", "language": "Embera"},
 {"country" : "Panama", "language": "Guaymí"},
 {"country" : "Panama", "language": "Spanish"},
 {"country" : "Pitcairn", "language": "Pitcairnese"},
 {"country" : "Peru", "language": "Aimará"},
 {"country" : "Peru", "language": "Ketua"},
 {"country" : "Peru", "language": "Spanish"},
 {"country" : "Philippines", "language": "Bicol"},
 {"country" : "Philippines", "language": "Cebuano"},
 {"country" : "Philippines", "language": "Hiligaynon"},
 {"country" : "Philippines", "language": "Ilocano"},
 {"country" : "Philippines", "language": "Maguindanao"},
 {"country" : "Philippines", "language": "Maranao"},
 {"country" : "Philippines", "language": "Pampango"},
 {"country" : "Philippines", "language": "Pangasinan"},
 {"country" : "Philippines", "language": "Pilipino"},
 {"country" : "Philippines", "language": "Waray-waray"},
 {"country" : "Palau", "language": "Chinese"},
 {"country" : "Palau", "language": "English"},
 {"country" : "Palau", "language": "Palau"},
 {"country" : "Palau", "language": "Philippene Languages"},
 {"country" : "Papua New Guinea", "language": "Malenasian Languages"},
 {"country" : "Papua New Guinea", "language": "Papuan Languages"},
 {"country" : "Poland", "language": "Belorussian"},
 {"country" : "Poland", "language": "German"},
 {"country" : "Poland", "language": "Polish"},
 {"country" : "Poland", "language": "Ukrainian"},
 {"country" : "Puerto Rico", "language": "English"},
 {"country" : "Puerto Rico", "language": "Spanish"},
 {"country" : "North Korea", "language": "Chinese"},
 {"country" : "North Korea", "language": "Korean"},
 {"country" : "Portugal", "language": "Portuguese"},
 {"country" : "Paraguay", "language": "German"},
 {"country" : "Paraguay", "language": "Guaraní"},
 {"country" : "Paraguay", "language": "Portuguese"},
 {"country" : "Paraguay", "language": "Spanish"},
 {"country" : "Palestine", "language": "Arabic"},
 {"country" : "Palestine", "language": "Hebrew"},
 {"country" : "French Polynesia", "language": "Chinese"},
 {"country" : "French Polynesia", "language": "French"},
 {"country" : "French Polynesia", "language": "Tahitian"},
 {"country" : "Qatar", "language": "Arabic"},
 {"country" : "Qatar", "language": "Urdu"},
 {"country" : "Reunion", "language": "Chinese"},
 {"country" : "Reunion", "language": "Comorian"},
 {"country" : "Reunion", "language": "Creole French"},
 {"country" : "Reunion", "language": "Malagasy"},
 {"country" : "Reunion", "language": "Tamil"},
 {"country" : "Romania", "language": "German"},
 {"country" : "Romania", "language": "Hungarian"},
 {"country" : "Romania", "language": "Romani"},
 {"country" : "Romania", "language": "Romanian"},
 {"country" : "Romania", "language": "Serbo-Croatian"},
 {"country" : "Romania", "language": "Ukrainian"},
 {"country" : "Russian Federation", "language": "Avarian"},
 {"country" : "Russian Federation", "language": "Bashkir"},
 {"country" : "Russian Federation", "language": "Belorussian"},
 {"country" : "Russian Federation", "language": "Chechen"},
 {"country" : "Russian Federation", "language": "Chuvash"},
 {"country" : "Russian Federation", "language": "Kazakh"},
 {"country" : "Russian Federation", "language": "Mari"},
 {"country" : "Russian Federation", "language": "Mordva"},
 {"country" : "Russian Federation", "language": "Russian"},
 {"country" : "Russian Federation", "language": "Tatar"},
 {"country" : "Russian Federation", "language": "Udmur"},
 {"country" : "Russian Federation", "language": "Ukrainian"},
 {"country" : "Rwanda", "language": "French"},
 {"country" : "Rwanda", "language": "Rwanda"},
 {"country" : "Saudi Arabia", "language": "Arabic"},
 {"country" : "Sudan", "language": "Arabic"},
 {"country" : "Sudan", "language": "Bari"},
 {"country" : "Sudan", "language": "Beja"},
 {"country" : "Sudan", "language": "Chilluk"},
 {"country" : "Sudan", "language": "Dinka"},
 {"country" : "Sudan", "language": "Fur"},
 {"country" : "Sudan", "language": "Lotuko"},
 {"country" : "Sudan", "language": "Nubian Languages"},
 {"country" : "Sudan", "language": "Nuer"},
 {"country" : "Sudan", "language": "Zande"},
 {"country" : "Senegal", "language": "Diola"},
 {"country" : "Senegal", "language": "Ful"},
 {"country" : "Senegal", "language": "Malinke"},
 {"country" : "Senegal", "language": "Serer"},
 {"country" : "Senegal", "language": "Soninke"},
 {"country" : "Senegal", "language": "Wolof"},
 {"country" : "Singapore", "language": "Chinese"},
 {"country" : "Singapore", "language": "Malay"},
 {"country" : "Singapore", "language": "Tamil"},
 {"country" : "Saint Helena", "language": "English"},
 {"country" : "Svalbard and Jan Mayen", "language": "Norwegian"},
 {"country" : "Svalbard and Jan Mayen", "language": "Russian"},
 {"country" : "Solomon Islands", "language": "Malenasian Languages"},
 {"country" : "Solomon Islands", "language": "Papuan Languages"},
 {"country" : "Solomon Islands", "language": "Polynesian Languages"},
 {"country" : "Sierra Leone", "language": "Bullom-sherbro"},
 {"country" : "Sierra Leone", "language": "Ful"},
 {"country" : "Sierra Leone", "language": "Kono-vai"},
 {"country" : "Sierra Leone", "language": "Kuranko"},
 {"country" : "Sierra Leone", "language": "Limba"},
 {"country" : "Sierra Leone", "language": "Mende"},
 {"country" : "Sierra Leone", "language": "Temne"},
 {"country" : "Sierra Leone", "language": "Yalunka"},
 {"country" : "El Salvador", "language": "Nahua"},
 {"country" : "El Salvador", "language": "Spanish"},
 {"country" : "San Marino", "language": "Italian"},
 {"country" : "Somalia", "language": "Arabic"},
 {"country" : "Somalia", "language": "Somali"},
 {"country" : "Saint Pierre and Miquelon", "language": "French"},
 {"country" : "Sao Tome and Principe", "language": "Crioulo"},
 {"country" : "Sao Tome and Principe", "language": "French"},
 {"country" : "Suriname", "language": "Hindi"},
 {"country" : "Suriname", "language": "Sranantonga"},
 {"country" : "Slovakia", "language": "Czech and Moravian"},
 {"country" : "Slovakia", "language": "Hungarian"},
 {"country" : "Slovakia", "language": "Romani"},
 {"country" : "Slovakia", "language": "Slovak"},
 {"country" : "Slovakia", "language": "Ukrainian and Russian"},
 {"country" : "Slovenia", "language": "Hungarian"},
 {"country" : "Slovenia", "language": "Serbo-Croatian"},
 {"country" : "Slovenia", "language": "Slovene"},
 {"country" : "Sweden", "language": "Arabic"},
 {"country" : "Sweden", "language": "Finnish"},
 {"country" : "Sweden", "language": "Norwegian"},
 {"country" : "Sweden", "language": "Southern Slavic Languages"},
 {"country" : "Sweden", "language": "Spanish"},
 {"country" : "Sweden", "language": "Swedish"},
 {"country" : "Swaziland", "language": "Swazi"},
 {"country" : "Swaziland", "language": "Zulu"},
 {"country" : "Seychelles", "language": "English"},
 {"country" : "Seychelles", "language": "French"},
 {"country" : "Seychelles", "language": "Seselwa"},
 {"country" : "Syria", "language": "Arabic"},
 {"country" : "Syria", "language": "Kurdish"},
 {"country" : "Turks and Caicos Islands", "language": "English"},
 {"country" : "Chad", "language": "Arabic"},
 {"country" : "Chad", "language": "Gorane"},
 {"country" : "Chad", "language": "Hadjarai"},
 {"country" : "Chad", "language": "Kanem-bornu"},
 {"country" : "Chad", "language": "Mayo-kebbi"},
 {"country" : "Chad", "language": "Ouaddai"},
 {"country" : "Chad", "language": "Sara"},
 {"country" : "Chad", "language": "Tandjile"},
 {"country" : "Togo", "language": "Ane"},
 {"country" : "Togo", "language": "Ewe"},
 {"country" : "Togo", "language": "Gurma"},
 {"country" : "Togo", "language": "Kabyé"},
 {"country" : "Togo", "language": "Kotokoli"},
 {"country" : "Togo", "language": "Moba"},
 {"country" : "Togo", "language": "Naudemba"},
 {"country" : "Togo", "language": "Watyi"},
 {"country" : "Thailand", "language": "Chinese"},
 {"country" : "Thailand", "language": "Khmer"},
 {"country" : "Thailand", "language": "Kuy"},
 {"country" : "Thailand", "language": "Lao"},
 {"country" : "Thailand", "language": "Malay"},
 {"country" : "Thailand", "language": "Thai"},
 {"country" : "Tajikistan", "language": "Russian"},
 {"country" : "Tajikistan", "language": "Tadzhik"},
 {"country" : "Tajikistan", "language": "Uzbek"},
 {"country" : "Tokelau", "language": "English"},
 {"country" : "Tokelau", "language": "Tokelau"},
 {"country" : "Turkmenistan", "language": "Kazakh"},
 {"country" : "Turkmenistan", "language": "Russian"},
 {"country" : "Turkmenistan", "language": "Turkmenian"},
 {"country" : "Turkmenistan", "language": "Uzbek"},
 {"country" : "East Timor", "language": "Portuguese"},
 {"country" : "East Timor", "language": "Sunda"},
 {"country" : "Tonga", "language": "English"},
 {"country" : "Tonga", "language": "Tongan"},
 {"country" : "Trinidad and Tobago", "language": "Creole English"},
 {"country" : "Trinidad and Tobago", "language": "English"},
 {"country" : "Trinidad and Tobago", "language": "Hindi"},
 {"country" : "Tunisia", "language": "Arabic"},
 {"country" : "Tunisia", "language": "Arabic-French"},
 {"country" : "Tunisia", "language": "Arabic-French-English"},
 {"country" : "Turkey", "language": "Arabic"},
 {"country" : "Turkey", "language": "Kurdish"},
 {"country" : "Turkey", "language": "Turkish"},
 {"country" : "Tuvalu", "language": "English"},
 {"country" : "Tuvalu", "language": "Kiribati"},
 {"country" : "Tuvalu", "language": "Tuvalu"},
 {"country" : "Taiwan", "language": "Ami"},
 {"country" : "Taiwan", "language": "Atayal"},
 {"country" : "Taiwan", "language": "Hakka"},
 {"country" : "Taiwan", "language": "Mandarin Chinese"},
 {"country" : "Taiwan", "language": "Min"},
 {"country" : "Taiwan", "language": "Paiwan"},
 {"country" : "Tanzania", "language": "Chaga and Pare"},
 {"country" : "Tanzania", "language": "Gogo"},
 {"country" : "Tanzania", "language": "Ha"},
 {"country" : "Tanzania", "language": "Haya"},
 {"country" : "Tanzania", "language": "Hehet"},
 {"country" : "Tanzania", "language": "Luguru"},
 {"country" : "Tanzania", "language": "Makonde"},
 {"country" : "Tanzania", "language": "Nyakusa"},
 {"country" : "Tanzania", "language": "Nyamwesi"},
 {"country" : "Tanzania", "language": "Shambala"},
 {"country" : "Tanzania", "language": "Swahili"},
 {"country" : "Uganda", "language": "Acholi"},
 {"country" : "Uganda", "language": "Ganda"},
 {"country" : "Uganda", "language": "Gisu"},
 {"country" : "Uganda", "language": "Kiga"},
 {"country" : "Uganda", "language": "Lango"},
 {"country" : "Uganda", "language": "Lugbara"},
 {"country" : "Uganda", "language": "Nkole"},
 {"country" : "Uganda", "language": "Rwanda"},
 {"country" : "Uganda", "language": "Soga"},
 {"country" : "Uganda", "language": "Teso"},
 {"country" : "Ukraine", "language": "Belorussian"},
 {"country" : "Ukraine", "language": "Bulgariana"},
 {"country" : "Ukraine", "language": "Hungarian"},
 {"country" : "Ukraine", "language": "Polish"},
 {"country" : "Ukraine", "language": "Romanian"},
 {"country" : "Ukraine", "language": "Russian"},
 {"country" : "Ukraine", "language": "Ukrainian"},
 {"country" : "United States Minor Outlying Islands", "language": "English"},
 {"country" : "Uruguay", "language": "Spanish"},
 {"country" : "United States", "language": "Chinese"},
 {"country" : "United States", "language": "English"},
 {"country" : "United States", "language": "French"},
 {"country" : "United States", "language": "German"},
 {"country" : "United States", "language": "Italian"},
 {"country" : "United States", "language": "Japanese"},
 {"country" : "United States", "language": "Korean"},
 {"country" : "United States", "language": "Polish"},
 {"country" : "United States", "language": "Portuguese"},
 {"country" : "United States", "language": "Spanish"},
 {"country" : "United States", "language": "Tagalog"},
 {"country" : "United States", "language": "Vietnamese"},
 {"country" : "Uzbekistan", "language": "Karakalpak"},
 {"country" : "Uzbekistan", "language": "Kazakh"},
 {"country" : "Uzbekistan", "language": "Russian"},
 {"country" : "Uzbekistan", "language": "Tadzhik"},
 {"country" : "Uzbekistan", "language": "Tatar"},
 {"country" : "Uzbekistan", "language": "Uzbek"},
 {"country" : "Holy See (Vatican City State)", "language": "Italian"},
 {"country" : "Saint Vincent and the Grenadines", "language": "Creole English"},
 {"country" : "Saint Vincent and the Grenadines", "language": "English"},
 {"country" : "Venezuela", "language": "Goajiro"},
 {"country" : "Venezuela", "language": "Spanish"},
 {"country" : "Venezuela", "language": "Warrau"},
 {"country" : "Virgin Islands, British", "language": "English"},
 {"country" : "Virgin Islands, U.S.", "language": "English"},
 {"country" : "Virgin Islands, U.S.", "language": "French"},
 {"country" : "Virgin Islands, U.S.", "language": "Spanish"},
 {"country" : "Vietnam", "language": "Chinese"},
 {"country" : "Vietnam", "language": "Khmer"},
 {"country" : "Vietnam", "language": "Man"},
 {"country" : "Vietnam", "language": "Miao"},
 {"country" : "Vietnam", "language": "Muong"},
 {"country" : "Vietnam", "language": "Nung"},
 {"country" : "Vietnam", "language": "Thai"},
 {"country" : "Vietnam", "language": "Tho"},
 {"country" : "Vietnam", "language": "Vietnamese"},
 {"country" : "Vanuatu", "language": "Bislama"},
 {"country" : "Vanuatu", "language": "English"},
 {"country" : "Vanuatu", "language": "French"},
 {"country" : "Wallis and Futuna", "language": "Futuna"},
 {"country" : "Wallis and Futuna", "language": "Wallis"},
 {"country" : "Samoa", "language": "English"},
 {"country" : "Samoa", "language": "Samoan"},
 {"country" : "Samoa", "language": "Samoan-English"},
 {"country" : "Yemen", "language": "Arabic"},
 {"country" : "Yemen", "language": "Soqutri"},
 {"country" : "Yugoslavia", "language": "Albaniana"},
 {"country" : "Yugoslavia", "language": "Hungarian"},
 {"country" : "Yugoslavia", "language": "Macedonian"},
 {"country" : "Yugoslavia", "language": "Romani"},
 {"country" : "Yugoslavia", "language": "Serbo-Croatian"},
 {"country" : "Yugoslavia", "language": "Slovak"},
 {"country" : "South Africa", "language": "Afrikaans"},
 {"country" : "South Africa", "language": "English"},
 {"country" : "South Africa", "language": "Ndebele"},
 {"country" : "South Africa", "language": "Northsotho"},
 {"country" : "South Africa", "language": "Southsotho"},
 {"country" : "South Africa", "language": "Swazi"},
 {"country" : "South Africa", "language": "Tsonga"},
 {"country" : "South Africa", "language": "Tswana"},
 {"country" : "South Africa", "language": "Venda"},
 {"country" : "South Africa", "language": "Xhosa"},
 {"country" : "South Africa", "language": "Zulu"},
 {"country" : "Zambia", "language": "Bemba"},
 {"country" : "Zambia", "language": "Chewa"},
 {"country" : "Zambia", "language": "Lozi"},
 {"country" : "Zambia", "language": "Nsenga"},
 {"country" : "Zambia", "language": "Nyanja"},
 {"country" : "Zambia", "language": "Tongan"},
 {"country" : "Zimbabwe", "language": "English"},
 {"country" : "Zimbabwe", "language": "Ndebele"},
 {"country" : "Zimbabwe", "language": "Nyanja"},
 {"country" : "Zimbabwe", "language": "Shona"}
 ]
