[
{"country" : "Afghanistan", "costline": "0"},
{"country" : "Akrotiri and Dhekelia", "costline": "83.8"},
{"country" : "Albania", "costline": "362"},
{"country" : "Algeria", "costline": "998"},
{"country" : "American Samoa", "costline": "116"},
{"country" : "Andorra", "costline": "0"},
{"country" : "Angola", "costline": "1.600"},
{"country" : "Anguilla", "costline": "61"},
{"country" : "Antarctica", "costline": "17.968"},
{"country" : "Antigua and Barbuda", "costline": "153"},
{"country" : "Argentina", "costline": "4.989"},
{"country" : "Armenia", "costline": "0"},
{"country" : "Aruba", "costline": "68.5"},
{"country" : "Ashmore and Cartier Islands", "costline": "74.1"},
{"country" : "Australia", "costline": "25.760"},
{"country" : "Austria", "costline": "0"},
{"country" : "Azerbaijan", "costline": "0"},
{"country" : "Bahamas, The", "costline": "3.542"},
{"country" : "Bahrain", "costline": "161"},
{"country" : "Bangladesh", "costline": "580"},
{"country" : "Barbados", "costline": "97"},
{"country" : "Belarus", "costline": "0"},
{"country" : "Belgium", "costline": "66.5"},
{"country" : "Belize", "costline": "386"},
{"country" : "Benin", "costline": "121"},
{"country" : "Bermuda", "costline": "103"},
{"country" : "Bhutan", "costline": "0"},
{"country" : "Bolivia", "costline": "0"},
{"country" : "Bosnia and Herzegovina", "costline": "20"},
{"country" : "Botswana", "costline": "0"},
{"country" : "Bouvet Island", "costline": "29.6"},
{"country" : "Brazil", "costline": "7.491"},
{"country" : "British Indian Ocean Territory", "costline": "698"},
{"country" : "British Virgin Islands", "costline": "80"},
{"country" : "Brunei", "costline": "161"},
{"country" : "Bulgaria", "costline": "354"},
{"country" : "Burkina Faso", "costline": "0"},
{"country" : "Burma", "costline": "1.930"},
{"country" : "Burundi", "costline": "0"},
{"country" : "Cambodia", "costline": "443"},
{"country" : "Cameroon", "costline": "402"},
{"country" : "Canada", "costline": "202.080"},
{"country" : "Cape Verde", "costline": "965"},
{"country" : "Cayman Islands", "costline": "160"},
{"country" : "Central African Republic", "costline": "0"},
{"country" : "Chad", "costline": "0"},
{"country" : "Chile", "costline": "6.435"},
{"country" : "China", "costline": "14.500"},
{"country" : "Christmas Island", "costline": "138.9"},
{"country" : "Clipperton Island", "costline": "11.1"},
{"country" : "Cocos (Keeling) Islands", "costline": "26"},
{"country" : "Colombia", "costline": "3.208"},
{"country" : "Comoros", "costline": "340"},
{"country" : "Congo, Democratic Republic of the", "costline": "37"},
{"country" : "Congo, Republic of the", "costline": "169"},
{"country" : "Cook Islands", "costline": "120"},
{"country" : "Coral Sea Islands", "costline": "3.095"},
{"country" : "Costa Rica", "costline": "1.290"},
{"country" : "Croatia", "costline": "6.268"},
{"country" : "Cuba", "costline": "3.735"},
{"country" : "Curacao", "costline": "364"},
{"country" : "Cyprus", "costline": "648"},
{"country" : "Czech Republic", "costline": "0"},
{"country" : "Ivory Coast", "costline": "515"},
{"country" : "Denmark", "costline": "7.314"},
{"country" : "Djibouti", "costline": "314"},
{"country" : "Dominica", "costline": "148"},
{"country" : "Dominican Republic", "costline": "1.288"},
{"country" : "Ecuador", "costline": "2.237"},
{"country" : "Egypt", "costline": "2.450"},
{"country" : "El Salvador", "costline": "307"},
{"country" : "Equatorial Guinea", "costline": "296"},
{"country" : "Eritrea", "costline": "2.234"},
{"country" : "Estonia", "costline": "3.794"},
{"country" : "Ethiopia", "costline": "0"},
{"country" : "Falkland Islands", "costline": "1.288"},
{"country" : "Faroe Islands", "costline": "1.117"},
{"country" : "Fiji", "costline": "1.129"},
{"country" : "Finland", "costline": "1.250"},
{"country" : "French Guiana", "costline": "763"},
{"country" : "French Polynesia", "costline": "2.525"},
{"country" : "French Southern and Antarctic Lands", "costline": "2.948.4"},
{"country" : "Gabon", "costline": "885"},
{"country" : "Gambia", "costline": "80"},
{"country" : "Gaza Strip", "costline": "40"},
{"country" : "Georgia", "costline": "310"},
{"country" : "Germany", "costline": "2.389"},
{"country" : "Ghana", "costline": "539"},
{"country" : "Gibraltar", "costline": "12"},
{"country" : "Greece", "costline": "13.676"},
{"country" : "Greenland", "costline": "44.087"},
{"country" : "Grenada", "costline": "121"},
{"country" : "Guadeloupe", "costline": "581"},
{"country" : "Guam", "costline": "125.5"},
{"country" : "Guatemala", "costline": "400"},
{"country" : "Guernsey", "costline": "50"},
{"country" : "Guinea", "costline": "320"},
{"country" : "Guinea-Bissau", "costline": "350"},
{"country" : "Guyana", "costline": "459"},
{"country" : "Haiti", "costline": "1.771"},
{"country" : "Heard Island and McDonald Islands", "costline": "101.9"},
{"country" : "Honduras", "costline": "832"},
{"country" : "Hong Kong", "costline": "733"},
{"country" : "Hungary", "costline": "0"},
{"country" : "Iceland", "costline": "4.970"},
{"country" : "India", "costline": "7.000"},
{"country" : "Indonesia", "costline": "54.716"},
{"country" : "Iran", "costline": "3.294"},
{"country" : "Iraq", "costline": "58"},
{"country" : "Ireland", "costline": "1.448"},
{"country" : "Isle of Man", "costline": "160"},
{"country" : "Israel", "costline": "273"},
{"country" : "Italy", "costline": "7.600"},
{"country" : "Jamaica", "costline": "1.022"},
{"country" : "Jan Mayen", "costline": "124.1"},
{"country" : "Japan", "costline": "29.751"},
{"country" : "Jersey", "costline": "70"},
{"country" : "Jordan", "costline": "26"},
{"country" : "Kazakhstan", "costline": "0"},
{"country" : "Kenya", "costline": "536"},
{"country" : "Kiribati", "costline": "1.143"},
{"country" : "Korea, North", "costline": "2.495"},
{"country" : "Korea, South", "costline": "2.413"},
{"country" : "Kuwait", "costline": "499"},
{"country" : "Kyrgyzstan", "costline": "0"},
{"country" : "Laos", "costline": "0"},
{"country" : "Latvia", "costline": "498"},
{"country" : "Lebanon", "costline": "225"},
{"country" : "Lesotho", "costline": "0"},
{"country" : "Liberia", "costline": "579"},
{"country" : "Libya", "costline": "1.770"},
{"country" : "Liechtenstein", "costline": "0"},
{"country" : "Lithuania", "costline": "90"},
{"country" : "Luxembourg", "costline": "0"},
{"country" : "Macau", "costline": "41"},
{"country" : "Macedonia, Republic of", "costline": "0"},
{"country" : "Madagascar", "costline": "4.828"},
{"country" : "Malawi", "costline": "0"},
{"country" : "Malaysia", "costline": "4.675"},
{"country" : "Maldives", "costline": "644"},
{"country" : "Mali", "costline": "0"},
{"country" : "Malta", "costline": "252.81"},
{"country" : "Marshall Islands", "costline": "370.4"},
{"country" : "Martinique", "costline": "369"},
{"country" : "Mauritania", "costline": "754"},
{"country" : "Mauritius", "costline": "177"},
{"country" : "Metropolitan France", "costline": "4.853"},
{"country" : "Mexico", "costline": "9.330"},
{"country" : "Micronesia, Federated States of", "costline": "6.112"},
{"country" : "Moldova", "costline": "0"},
{"country" : "Monaco", "costline": "4.1"},
{"country" : "Mongolia", "costline": "0"},
{"country" : "Montenegro", "costline": "293.5"},
{"country" : "Montserrat", "costline": "40"},
{"country" : "Morocco", "costline": "1.835"},
{"country" : "Mozambique", "costline": "2.470"},
{"country" : "Namibia", "costline": "1.572"},
{"country" : "Nauru", "costline": "30"},
{"country" : "Navassa Island", "costline": "8"},
{"country" : "Nepal", "costline": "0"},
{"country" : "Netherlands", "costline": "451"},
{"country" : "Netherlands Antilles", "costline": "361"},
{"country" : "New Caledonia", "costline": "2.254"},
{"country" : "New Zealand", "costline": "15.134"},
{"country" : "Nicaragua", "costline": "910"},
{"country" : "Niger", "costline": "0"},
{"country" : "Nigeria", "costline": "853"},
{"country" : "Niue", "costline": "64"},
{"country" : "Norfolk Island", "costline": "32"},
{"country" : "Northern Mariana Islands", "costline": "1.482"},
{"country" : "Norway", "costline": "25.148"},
{"country" : "Oman", "costline": "2.092"},
{"country" : "other", "costline": "356.000"},
{"country" : "Pakistan", "costline": "1.046"},
{"country" : "Palau", "costline": "1.519"},
{"country" : "Panama", "costline": "2.490"},
{"country" : "Papua New Guinea", "costline": "5.152"},
{"country" : "Paracel Islands", "costline": "518"},
{"country" : "Paraguay", "costline": "0"},
{"country" : "Peru", "costline": "2.414"},
{"country" : "Philippines", "costline": "36.289"},
{"country" : "Pitcairn Islands", "costline": "51"},
{"country" : "Poland", "costline": "440"},
{"country" : "Portugal", "costline": "1.793"},
{"country" : "Puerto Rico", "costline": "501"},
{"country" : "Qatar", "costline": "563"},
{"country" : "Romania", "costline": "225"},
{"country" : "Russia", "costline": "37.653"},
{"country" : "Rwanda", "costline": "0"},
{"country" : "Réunion", "costline": "219"},
{"country" : "Saint Barthelemy", "costline": "NA"},
{"country" : "Saint Helena, Ascension and Tristan da Cunha", "costline": "100"},
{"country" : "Saint Kitts and Nevis", "costline": "135"},
{"country" : "Saint Lucia", "costline": "158"},
{"country" : "Saint Martin", "costline": "58.9"},
{"country" : "Saint Pierre and Miquelon", "costline": "120"},
{"country" : "Saint Vincent and the Grenadines", "costline": "84"},
{"country" : "Samoa", "costline": "403"},
{"country" : "San Marino", "costline": "0"},
{"country" : "Saudi Arabia", "costline": "2.640"},
{"country" : "Senegal", "costline": "531"},
{"country" : "Serbia", "costline": "0"},
{"country" : "Seychelles", "costline": "491"},
{"country" : "Sierra Leone", "costline": "402"},
{"country" : "Singapore", "costline": "193"},
{"country" : "Sint Maarten", "costline": "NA"},
{"country" : "Slovakia", "costline": "0"},
{"country" : "Slovenia", "costline": "46.6"},
{"country" : "Solomon Islands", "costline": "5.313"},
{"country" : "Somalia", "costline": "3.333"},
{"country" : "South Africa", "costline": "2.798"},
{"country" : "South Georgia and the South Sandwich Islands", "costline": "NA"},
{"country" : "South Sudan", "costline": "0"},
{"country" : "Spain", "costline": "4.964"},
{"country" : "Spratly Islands", "costline": "926"},
{"country" : "Sri Lanka", "costline": "1.340"},
{"country" : "Sudan", "costline": "853"},
{"country" : "Suriname", "costline": "386"},
{"country" : "Svalbard", "costline": "3.587"},
{"country" : "Swaziland", "costline": "0"},
{"country" : "Sweden", "costline": "3.218"},
{"country" : "Switzerland", "costline": "0"},
{"country" : "Syria", "costline": "193"},
{"country" : "São Tomé and Príncipe", "costline": "209"},
{"country" : "Taiwan", "costline": "1.566.3"},
{"country" : "Tajikistan", "costline": "0"},
{"country" : "Tanzania", "costline": "1.424"},
{"country" : "Thailand", "costline": "3.219"},
{"country" : "Timor-Leste", "costline": "706"},
{"country" : "Togo", "costline": "56"},
{"country" : "Tokelau", "costline": "101"},
{"country" : "Tonga", "costline": "419"},
{"country" : "Trinidad and Tobago", "costline": "362"},
{"country" : "Tunisia", "costline": "1.148"},
{"country" : "Turkey", "costline": "7.200"},
{"country" : "Turkmenistan", "costline": "0"},
{"country" : "Turks and Caicos Islands", "costline": "389"},
{"country" : "Tuvalu", "costline": "24"},
{"country" : "U.S. Virgin Islands", "costline": "188"},
{"country" : "Uganda", "costline": "0"},
{"country" : "Ukraine", "costline": "2.782"},
{"country" : "United Arab Emirates", "costline": "1.318"},
{"country" : "United Kingdom", "costline": "12.429"},
{"country" : "United States", "costline": "19.924"},
{"country" : "United States Pacific Island Wildlife Refuges", "costline": "85.7"},
{"country" : "Uruguay", "costline": "660"},
{"country" : "Uzbekistan", "costline": "0"},
{"country" : "Vanuatu", "costline": "2.528"},
{"country" : "Vatican City", "costline": "0"},
{"country" : "Venezuela", "costline": "2.800"},
{"country" : "Vietnam", "costline": "3.444"},
{"country" : "Wake Island", "costline": "19.3"},
{"country" : "Wallis and Futuna", "costline": "129"},
{"country" : "West Bank", "costline": "0"},
{"country" : "Western Sahara", "costline": "1.110"},
{"country" : "World", "costline": "1.162.306"},
{"country" : "Yemen", "costline": "1.906"},
{"country" : "Zambia", "costline": "0"},
{"country" : "Zimbabwe", "costline": "0"}
]
