[
{"country": "Andorra","north": "42.65604389629997","south": "42.42849259876837","east": "1.7865427778319827","west": "1.4071867141112762"},
{"country": "United Arab Emirates","north": "26.08415985107422","south": "22.633329391479492","east": "56.38166046142578","west": "51.58332824707031"},
{"country": "Afghanistan","north": "38.483418","south": "29.377472","east": "74.879448","west": "60.478443"},
{"country": "Antigua and Barbuda","north": "17.729387","south": "16.996979","east": "-61.672421","west": "-61.906425"},
{"country": "Anguilla","north": "18.283424","south": "18.166815","east": "-62.971359","west": "-63.172901"},
{"country": "Albania","north": "42.665611","south": "39.648361","east": "21.068472","west": "19.293972"},
{"country": "Armenia","north": "41.301834","south": "38.830528","east": "46.772435045159995","west": "43.44978"},
{"country": "Angola","north": "-4.376826","south": "-18.042076","east": "24.082119","west": "11.679219"},
{"country": "Antarctica","north": "-60.515533","south": "-89.9999","east": "179.9999","west": "-179.9999"},
{"country": "Argentina","north": "-21.781277","south": "-55.061314","east": "-53.591835","west": "-73.58297"},
{"country": "American Samoa","north": "-11.0497","south": "-14.382478","east": "-169.416077","west": "-171.091888"},
{"country": "Austria","north": "49.0211627691393","south": "46.3726520216244","east": "17.1620685652599","west": "9.53095237240833"},
{"country": "Australia","north": "-10.062805","south": "-43.64397","east": "153.639252","west": "112.911057"},
{"country": "Aruba","north": "12.623718127152925","south": "12.411707706190716","east": "-69.86575120104982","west": "-70.0644737196045"},
{"country": "Åland","north": "60.488861","south": "59.90675","east": "21.011862","west": "19.317694"},
{"country": "Azerbaijan","north": "41.90564","south": "38.38915252685547","east": "50.370083","west": "44.774113"},
{"country": "Bosnia and Herzegovina","north": "45.239193","south": "42.546112","east": "19.622223","west": "15.718945"},
{"country": "Barbados","north": "13.327257","south": "13.039844","east": "-59.420376","west": "-59.648922"},
{"country": "Bangladesh","north": "26.631945","south": "20.743334","east": "92.673668","west": "88.028336"},
{"country": "Belgium","north": "51.505444","south": "49.49361","east": "6.403861","west": "2.546944"},
{"country": "Burkina Faso","north": "15.082593","south": "9.401108","east": "2.405395","west": "-5.518916"},
{"country": "Bulgaria","north": "44.21764","south": "41.242084","east": "28.612167","west": "22.371166"},
{"country": "Bahrain","north": "26.282583","south": "25.796862","east": "50.664471","west": "50.45414"},
{"country": "Burundi","north": "-2.310123","south": "-4.465713","east": "30.847729","west": "28.993061"},
{"country": "Benin","north": "12.418347","south": "6.225748","east": "3.851701","west": "0.774575"},
{"country": "Saint Barthélemy","north": "17.928808791949283","south": "17.878183227405575","east": "-62.788983372985854","west": "-62.8739118253784"},
{"country": "Bermuda","north": "32.393833","south": "32.246639","east": "-64.651993","west": "-64.89605"},
{"country": "Brunei","north": "5.047167","south": "4.003083","east": "115.359444","west": "114.071442"},
{"country": "Bolivia","north": "-9.680567","south": "-22.896133","east": "-57.45809600000001","west": "-69.640762"},
{"country": "Bonaire","north": "12.304535","south": "12.017149","east": "-68.192307","west": "-68.416458"},
{"country": "Brazil","north": "5.264877","south": "-33.750706","east": "-32.392998","west": "-73.985535"},
{"country": "Bahamas","north": "26.919243","south": "22.852743","east": "-74.423874","west": "-78.995911"},
{"country": "Bhutan","north": "28.323778","south": "26.70764","east": "92.125191","west": "88.75972"},
{"country": "Bouvet Island","north": "-54.400322","south": "-54.462383","east": "3.487976","west": "3.335499"},
{"country": "Botswana","north": "-17.780813","south": "-26.907246","east": "29.360781","west": "19.999535"},
{"country": "Belarus","north": "56.165806","south": "51.256416","east": "32.770805","west": "23.176889"},
{"country": "Belize","north": "18.496557","south": "15.8893","east": "-87.776985","west": "-89.224815"},
{"country": "Canada","north": "83.110626","south": "41.67598","east": "-52.636291","west": "-141"},
{"country": "Cocos [Keeling] Islands","north": "-12.072459094","south": "-12.208725839","east": "96.929489344","west": "96.816941408"},
{"country": "Democratic Republic of the Congo","north": "5.386098","south": "-13.455675","east": "31.305912","west": "12.204144"},
{"country": "Central African Republic","north": "11.007569","south": "2.220514","east": "27.463421","west": "14.420097"},
{"country": "Republic of the Congo","north": "3.703082","south": "-5.027223","east": "18.649839","west": "11.205009"},
{"country": "Switzerland","north": "47.805332","south": "45.825695","east": "10.491472","west": "5.957472"},
{"country": "Ivory Coast","north": "10.736642","south": "4.357067","east": "-2.494897","west": "-8.599302"},
{"country": "Cook Islands","north": "-10.023114","south": "-21.944164","east": "-157.312134","west": "-161.093658"},
{"country": "Chile","north": "-17.507553","south": "-55.9256225109217","east": "-66.417557","west": "-80.785851"},
{"country": "Cameroon","north": "13.078056","south": "1.652548","east": "16.192116","west": "8.494763"},
{"country": "China","north": "53.56086","south": "15.775416","east": "134.773911","west": "73.557693"},
{"country": "Colombia","north": "13.380502","south": "-4.225869","east": "-66.869835","west": "-81.728111"},
{"country": "Costa Rica","north": "11.216819","south": "8.032975","east": "-82.555992","west": "-85.950623"},
{"country": "Cuba","north": "23.226042","south": "19.828083","east": "-74.131775","west": "-84.957428"},
{"country": "Cape Verde","north": "17.197178","south": "14.808022","east": "-22.669443","west": "-25.358747"},
{"country": "Curacao","north": "12.385672","south": "12.032745","east": "-68.733948","west": "-69.157204"},
{"country": "Christmas Island","north": "-10.412356007","south": "-10.5704829995","east": "105.712596992","west": "105.533276992"},
{"country": "Cyprus","north": "35.701527","south": "34.6332846722908","east": "34.59791599999994","west": "32.27308300000004"},
{"country": "Czech Republic","north": "51.058887","south": "48.542915","east": "18.860111","west": "12.096194"},
{"country": "Germany","north": "55.055637","south": "47.275776","east": "15.039889","west": "5.865639"},
{"country": "Djibouti","north": "12.706833","south": "10.909917","east": "43.416973","west": "41.773472"},
{"country": "Denmark","north": "57.748417","south": "54.562389","east": "15.158834","west": "8.075611"},
{"country": "Dominica","north": "15.631809","south": "15.20169","east": "-61.244152","west": "-61.484108"},
{"country": "Dominican Republic","north": "19.929859","south": "17.543159","east": "-68.32","west": "-72.003487"},
{"country": "Algeria","north": "37.093723","south": "18.960028","east": "11.979548","west": "-8.673868"},
{"country": "Ecuador","north": "1.43902","south": "-4.998823","east": "-75.184586","west": "-81.078598"},
{"country": "Estonia","north": "59.676224","south": "57.516193","east": "28.209972","west": "21.837584"},
{"country": "Egypt","north": "31.667334","south": "21.725389","east": "36.89833068847656","west": "24.698111"},
{"country": "Western Sahara","north": "27.669674","south": "20.774158","east": "-8.670276","west": "-17.103182"},
{"country": "Eritrea","north": "18.003084","south": "12.359555","east": "43.13464","west": "36.438778"},
{"country": "Spain","north": "43.7913565913767","south": "36.0001044260548","east": "4.32778473043961","west": "-9.30151567231899"},
{"country": "Ethiopia","north": "14.89375","south": "3.402422","east": "47.986179","west": "32.999939"},
{"country": "Finland","north": "70.096054","south": "59.808777","east": "31.580944","west": "20.556944"},
{"country": "Fiji","north": "-12.480111","south": "-20.67597","east": "-178.424438","west": "177.129334"},
{"country": "Falkland Islands","north": "-51.24065","south": "-52.360512","east": "-57.712486","west": "-61.345192"},
{"country": "Micronesia","north": "10.08904","south": "1.02629","east": "163.03717","west": "137.33648"},
{"country": "Faroe Islands","north": "62.400749","south": "61.394943","east": "-6.399583","west": "-7.458"},
{"country": "France","north": "51.092804","south": "41.371582","east": "9.561556","west": "-5.142222"},
{"country": "Gabon","north": "2.322612","south": "-3.978806","east": "14.502347","west": "8.695471"},
{"country": "United Kingdom","north": "59.360249","south": "49.906193","east": "1.759","west": "-8.623555"},
{"country": "Grenada","north": "12.318283928171299","south": "11.986893","east": "-61.57676970108031","west": "-61.802344"},
{"country": "Georgia","north": "43.586498","south": "41.053196","east": "46.725971","west": "40.010139"},
{"country": "French Guiana","north": "5.776496","south": "2.127094","east": "-51.613949","west": "-54.542511"},
{"country": "Guernsey","north": "49.731727816705416","south": "49.40764156876899","east": "-2.1577152112246267","west": "-2.673194593476069"},
{"country": "Ghana","north": "11.173301","south": "4.736723","east": "1.191781","west": "-3.25542"},
{"country": "Gibraltar","north": "36.155439135670726","south": "36.10903070140248","east": "-5.338285164001491","west": "-5.36626149743654"},
{"country": "Greenland","north": "83.627357","south": "59.777401","east": "-11.312319","west": "-73.04203"},
{"country": "Gambia","north": "13.826571","south": "13.064252","east": "-13.797793","west": "-16.825079"},
{"country": "Guinea","north": "12.67622","south": "7.193553","east": "-7.641071","west": "-14.926619"},
{"country": "Guadeloupe","north": "16.516848","south": "15.867565","east": "-61","west": "-61.544765"},
{"country": "Equatorial Guinea","north": "2.346989","south": "0.92086","east": "11.335724","west": "9.346865"},
{"country": "Greece","north": "41.7484999849641","south": "34.8020663391466","east": "28.2470831714347","west": "19.3736035624134"},
{"country": "South Georgia and the South Sandwich Islands","north": "-53.970467","south": "-59.479259","east": "-26.229326","west": "-38.021175"},
{"country": "Guatemala","north": "17.81522","south": "13.737302","east": "-88.223198","west": "-92.23629"},
{"country": "Guam","north": "13.654402","south": "13.23376","east": "144.956894","west": "144.61806"},
{"country": "Guinea-Bissau","north": "12.680789","south": "10.924265","east": "-13.636522","west": "-16.717535"},
{"country": "Guyana","north": "8.557567","south": "1.17508","east": "-56.480251","west": "-61.384762"},
{"country": "Hong Kong","north": "22.559778","south": "22.15325","east": "114.434753","west": "113.837753"},
{"country": "Heard Island and McDonald Islands","north": "-52.909416","south": "-53.192001","east": "73.859146","west": "72.596535"},
{"country": "Honduras","north": "16.510256","south": "12.982411","east": "-83.155403","west": "-89.350792"},
{"country": "Croatia","north": "46.53875","south": "42.43589","east": "19.427389","west": "13.493222"},
{"country": "Haiti","north": "20.08782","south": "18.021032","east": "-71.613358","west": "-74.478584"},
{"country": "Hungary","north": "48.585667","south": "45.74361","east": "22.906","west": "16.111889"},
{"country": "Indonesia","north": "5.904417","south": "-10.941861","east": "141.021805","west": "95.009331"},
{"country": "Ireland","north": "55.387917","south": "51.451584","east": "-6.002389","west": "-10.478556"},
{"country": "Israel","north": "33.340137","south": "29.496639","east": "35.876804","west": "34.270278754419145"},
{"country": "Isle of Man","north": "54.419724","south": "54.055916","east": "-4.3115","west": "-4.798722"},
{"country": "India","north": "35.504223","south": "6.747139","east": "97.403305","west": "68.186691"},
{"country": "British Indian Ocean Territory","north": "-5.268333","south": "-7.438028","east": "72.493164","west": "71.259972"},
{"country": "Iraq","north": "37.378029","south": "29.069445","east": "48.575916","west": "38.795887"},
{"country": "Iran","north": "39.777222","south": "25.064083","east": "63.317471","west": "44.047279"},
{"country": "Iceland","north": "66.53463","south": "63.393253","east": "-13.495815","west": "-24.546524"},
{"country": "Italy","north": "47.095196","south": "36.652779","east": "18.513445","west": "6.614889"},
{"country": "Jersey","north": "49.265057","south": "49.169834","east": "-2.022083","west": "-2.260028"},
{"country": "Jamaica","north": "18.526976","south": "17.703554","east": "-76.180321","west": "-78.366638"},
{"country": "Jordan","north": "33.367668","south": "29.185888","east": "39.301167","west": "34.959999"},
{"country": "Japan","north": "45.52314","south": "24.249472","east": "145.820892","west": "122.93853"},
{"country": "Kenya","north": "5.019938","south": "-4.678047","east": "41.899078","west": "33.908859"},
{"country": "Kyrgyzstan","north": "43.238224","south": "39.172832","east": "80.283165","west": "69.276611"},
{"country": "Cambodia","north": "14.686417","south": "10.409083","east": "107.627724","west": "102.339996"},
{"country": "Kiribati","north": "4.71957","south": "-11.446881150186856","east": "-150.215347","west": "169.556137"},
{"country": "Comoros","north": "-11.362381","south": "-12.387857","east": "44.538223","west": "43.21579"},
{"country": "Saint Kitts and Nevis","north": "17.420118","south": "17.095343","east": "-62.543266","west": "-62.86956"},
{"country": "North Korea","north": "43.006054","south": "37.673332","east": "130.674866","west": "124.315887"},
{"country": "South Korea","north": "38.612446","south": "33.190945","east": "129.584671","west": "125.887108"},
{"country": "Kuwait","north": "30.095945","south": "28.524611","east": "48.431473","west": "46.555557"},
{"country": "Cayman Islands","north": "19.7617","south": "19.263029","east": "-79.727272","west": "-81.432777"},
{"country": "Kazakhstan","north": "55.451195","south": "40.936333","east": "87.312668","west": "46.491859"},
{"country": "Laos","north": "22.500389","south": "13.910027","east": "107.697029","west": "100.093056"},
{"country": "Lebanon","north": "34.691418","south": "33.05386","east": "36.639194","west": "35.114277"},
{"country": "Saint Lucia","north": "14.103245","south": "13.704778","east": "-60.874203","west": "-61.07415"},
{"country": "Liechtenstein","north": "47.2706251386959","south": "47.0484284123471","east": "9.63564281136796","west": "9.47167359782014"},
{"country": "Sri Lanka","north": "9.831361","south": "5.916833","east": "81.881279","west": "79.652916"},
{"country": "Liberia","north": "8.551791","south": "4.353057","east": "-7.365113","west": "-11.492083"},
{"country": "Lesotho","north": "-28.572058","south": "-30.668964","east": "29.465761","west": "27.029068"},
{"country": "Lithuania","north": "56.446918","south": "53.901306","east": "26.871944","west": "20.941528"},
{"country": "Luxembourg","north": "50.184944","south": "49.446583","east": "6.528472","west": "5.734556"},
{"country": "Latvia","north": "58.082306","south": "55.668861","east": "28.241167","west": "20.974277"},
{"country": "Libya","north": "33.168999","south": "19.508045","east": "25.150612","west": "9.38702"},
{"country": "Morocco","north": "35.9224966985384","south": "27.662115","east": "-0.991750000000025","west": "-13.168586"},
{"country": "Monaco","north": "43.75196717037228","south": "43.72472839869377","east": "7.439939260482788","west": "7.408962249755859"},
{"country": "Moldova","north": "48.490166","south": "45.468887","east": "30.135445","west": "26.618944"},
{"country": "Montenegro","north": "43.570137","south": "41.850166","east": "20.358833","west": "18.461306"},
{"country": "Saint Martin","north": "18.130354","south": "18.052231","east": "-63.012993","west": "-63.152767"},
{"country": "Madagascar","north": "-11.945433","south": "-25.608952","east": "50.48378","west": "43.224876"},
{"country": "Marshall Islands","north": "14.62","south": "5.587639","east": "171.931808","west": "165.524918"},
{"country": "Macedonia","north": "42.361805","south": "40.860195","east": "23.038139","west": "20.464695"},
{"country": "Mali","north": "25.000002","south": "10.159513","east": "4.244968","west": "-12.242614"},
{"country": "Myanmar [Burma]","north": "28.543249","south": "9.784583","east": "101.176781","west": "92.189278"},
{"country": "Mongolia","north": "52.154251","south": "41.567638","east": "119.924309","west": "87.749664"},
{"country": "Macao","north": "22.222334","south": "22.180389","east": "113.565834","west": "113.528946"},
{"country": "Northern Mariana Islands","north": "20.55344","south": "14.11023","east": "146.06528","west": "144.88626"},
{"country": "Martinique","north": "14.878819","south": "14.392262","east": "-60.81551","west": "-61.230118"},
{"country": "Mauritania","north": "27.298073","south": "14.715547","east": "-4.827674","west": "-17.066521"},
{"country": "Montserrat","north": "16.824060205313184","south": "16.674768935441556","east": "-62.144100129608205","west": "-62.24138237036129"},
{"country": "Malta","north": "36.0821530995456","south": "35.8061835000002","east": "14.5764915000002","west": "14.1834251000001"},
{"country": "Mauritius","north": "-10.319255","south": "-20.525717","east": "63.500179","west": "56.512718"},
{"country": "Maldives","north": "7.091587495414767","south": "-0.692694","east": "73.637276","west": "72.693222"},
{"country": "Malawi","north": "-9.367541","south": "-17.125","east": "35.916821","west": "32.67395"},
{"country": "Mexico","north": "32.716759","south": "14.532866","east": "-86.703392","west": "-118.453949"},
{"country": "Malaysia","north": "7.363417","south": "0.855222","east": "119.267502","west": "99.643448"},
{"country": "Mozambique","north": "-10.471883","south": "-26.868685","east": "40.842995","west": "30.217319"},
{"country": "Namibia","north": "-16.959894","south": "-28.97143","east": "25.256701","west": "11.71563"},
{"country": "New Caledonia","north": "-19.549778","south": "-22.698","east": "168.129135","west": "163.564667"},
{"country": "Niger","north": "23.525026","south": "11.696975","east": "15.995643","west": "0.16625"},
{"country": "Norfolk Island","north": "-28.995170686948427","south": "-29.063076742954735","east": "167.99773740209957","west": "167.91543230151365"},
{"country": "Nigeria","north": "13.892007","south": "4.277144","east": "14.680073","west": "2.668432"},
{"country": "Nicaragua","north": "15.025909","south": "10.707543","east": "-82.738289","west": "-87.690308"},
{"country": "Netherlands","north": "53.512196","south": "50.753918","east": "7.227944","west": "3.362556"},
{"country": "Norway","north": "71.18811","south": "57.977917","east": "31.078052520751953","west": "4.650167"},
{"country": "Nepal","north": "30.43339","south": "26.356722","east": "88.199333","west": "80.056274"},
{"country": "Nauru","north": "-0.504306","south": "-0.552333","east": "166.945282","west": "166.899033"},
{"country": "Niue","north": "-18.951069","south": "-19.152193","east": "-169.775177","west": "-169.951004"},
{"country": "New Zealand","north": "-34.389668","south": "-47.286026","east": "-180","west": "166.7155"},
{"country": "Oman","north": "26.387972","south": "16.64575","east": "59.836582","west": "51.882"},
{"country": "Panama","north": "9.637514","south": "7.197906","east": "-77.17411","west": "-83.051445"},
{"country": "Peru","north": "-0.012977","south": "-18.349728","east": "-68.677986","west": "-81.326744"},
{"country": "French Polynesia","north": "-7.903573","south": "-27.653572","east": "-134.929825","west": "-152.877167"},
{"country": "Papua New Guinea","north": "-1.318639","south": "-11.657861","east": "155.96344","west": "140.842865"},
{"country": "Philippines","north": "21.120611","south": "4.643306","east": "126.601524","west": "116.931557"},
{"country": "Pakistan","north": "37.097","south": "23.786722","east": "77.840919","west": "60.878613"},
{"country": "Poland","north": "54.839138","south": "49.006363","east": "24.150749","west": "14.123"},
{"country": "Saint Pierre and Miquelon","north": "47.146286","south": "46.786041","east": "-56.252991","west": "-56.420658"},
{"country": "Pitcairn Islands","north": "-24.315865","south": "-24.672565","east": "-124.77285","west": "-128.346436"},
{"country": "Puerto Rico","north": "18.520166","south": "17.926405","east": "-65.242737","west": "-67.942726"},
{"country": "Palestine","north": "32.54638671875","south": "31.216541290283203","east": "35.5732955932617","west": "34.21665954589844"},
{"country": "Portugal","north": "42.154311127408","south": "36.96125","east": "-6.18915930748288","west": "-9.50052660716588"},
{"country": "Palau","north": "8.46966","south": "2.8036","east": "134.72307","west": "131.11788"},
{"country": "Paraguay","north": "-19.294041","south": "-27.608738","east": "-54.259354","west": "-62.647076"},
{"country": "Qatar","north": "26.154722","south": "24.482944","east": "51.636639","west": "50.757221"},
{"country": "Réunion","north": "-20.868391324576944","south": "-21.383747301469107","east": "55.838193901930026","west": "55.21219224792685"},
{"country": "Romania","north": "48.266945","south": "43.627304","east": "29.691055","west": "20.269972"},
{"country": "Serbia","north": "46.18138885498047","south": "42.232215881347656","east": "23.00499725341797","west": "18.817020416259766"},
{"country": "Russia","north": "81.857361","south": "41.188862","east": "-169.05","west": "19.25"},
{"country": "Rwanda","north": "-1.053481","south": "-2.840679","east": "30.895958","west": "28.856794"},
{"country": "Saudi Arabia","north": "32.158333","south": "15.61425","east": "55.666584","west": "34.495693"},
{"country": "Solomon Islands","north": "-6.589611","south": "-11.850555","east": "166.980865","west": "155.508606"},
{"country": "Seychelles","north": "-4.283717","south": "-9.753867","east": "56.29770287937299","west": "46.204769"},
{"country": "Sudan","north": "22.232219696044922","south": "8.684720993041992","east": "38.60749816894531","west": "21.827774047851562"},
{"country": "Sweden","north": "69.0625","south": "55.337112","east": "24.1562924839185","west": "11.118694"},
{"country": "Singapore","north": "1.471278","south": "1.258556","east": "104.007469","west": "103.638275"},
{"country": "Saint Helena","north": "-7.887815","south": "-16.019543","east": "-5.638753","west": "-14.42123"},
{"country": "Slovenia","north": "46.8766275518195","south": "45.421812998164","east": "16.6106311807","west": "13.3753342064709"},
{"country": "Svalbard and Jan Mayen","north": "80.762085","south": "79.220306","east": "33.287334","west": "17.699389"},
{"country": "Slovakia","north": "49.603168","south": "47.728111","east": "22.570444","west": "16.84775"},
{"country": "Sierra Leone","north": "10","south": "6.929611","east": "-10.284238","west": "-13.307631"},
{"country": "San Marino","north": "43.99223730851663","south": "43.8937092171425","east": "12.51653186779788","west": "12.403538978820734"},
{"country": "Senegal","north": "16.691633","south": "12.307275","east": "-11.355887","west": "-17.535236"},
{"country": "Somalia","north": "11.979166","south": "-1.674868","east": "51.412636","west": "40.986595"},
{"country": "Suriname","north": "6.004546","south": "1.831145","east": "-53.977493","west": "-58.086563"},
{"country": "South Sudan","north": "12.219148635864258","south": "3.493394374847412","east": "35.9405517578125","west": "24.140274047851562"},
{"country": "São Tomé and Príncipe","north": "1.701323","south": "0.024766","east": "7.466374","west": "6.47017"},
{"country": "El Salvador","north": "14.445067","south": "13.148679","east": "-87.692162","west": "-90.128662"},
{"country": "Sint Maarten","north": "18.070248","south": "18.011692","east": "-63.012993","west": "-63.144039"},
{"country": "Syria","north": "37.319138","south": "32.310665","east": "42.385029","west": "35.727222"},
{"country": "Swaziland","north": "-25.719648","south": "-27.317101","east": "32.13726","west": "30.794107"},
{"country": "Turks and Caicos Islands","north": "21.961878","south": "21.422626","east": "-71.123642","west": "-72.483871"},
{"country": "Chad","north": "23.450369","south": "7.441068","east": "24.002661","west": "13.473475"},
{"country": "French Southern Territories","north": "-37.790722","south": "-49.735184","east": "77.598808","west": "50.170258"},
{"country": "Togo","north": "11.138977","south": "6.104417","east": "1.806693","west": "-0.147324"},
{"country": "Thailand","north": "20.463194","south": "5.61","east": "105.639389","west": "97.345642"},
{"country": "Tajikistan","north": "41.042252","south": "36.674137","east": "75.137222","west": "67.387138"},
{"country": "Tokelau","north": "-8.553613662719727","south": "-9.381111145019531","east": "-171.21142578125","west": "-172.50033569335938"},
{"country": "East Timor","north": "-8.135833740234375","south": "-9.463626861572266","east": "127.30859375","west": "124.04609680175781"},
{"country": "Turkmenistan","north": "42.795555","south": "35.141083","east": "66.684303","west": "52.441444"},
{"country": "Tunisia","north": "37.543915","south": "30.240417","east": "11.598278","west": "7.524833"},
{"country": "Tonga","north": "-15.562988","south": "-21.455057","east": "-173.907578","west": "-175.682266"},
{"country": "Turkey","north": "42.107613","south": "35.815418","east": "44.834999","west": "25.668501"},
{"country": "Trinidad and Tobago","north": "11.338342","south": "10.036105","east": "-60.517933","west": "-61.923771"},
{"country": "Tuvalu","north": "-5.641972","south": "-10.801169","east": "179.863281","west": "176.064865"},
{"country": "Taiwan","north": "25.3002899036181","south": "21.896606934717","east": "122.006739823315","west": "119.534691"},
{"country": "Tanzania","north": "-0.990736","south": "-11.745696","east": "40.443222","west": "29.327168"},
{"country": "Ukraine","north": "52.369362","south": "44.390415","east": "40.20739","west": "22.128889"},
{"country": "Uganda","north": "4.214427","south": "-1.48405","east": "35.036049","west": "29.573252"},
{"country": "U.S. Minor Outlying Islands","north": "28.219814","south": "-0.389006","east": "166.654526","west": "-177.392029"},
{"country": "United States","north": "49.388611","south": "24.544245","east": "-66.954811","west": "-124.733253"},
{"country": "Uruguay","north": "-30.082224","south": "-34.980816","east": "-53.073933","west": "-58.442722"},
{"country": "Uzbekistan","north": "45.575001","south": "37.184444","east": "73.132278","west": "55.996639"},
{"country": "Vatican City","north": "41.90743830885576","south": "41.90027960306854","east": "12.45837546629481","west": "12.44570678169205"},
{"country": "Saint Vincent and the Grenadines","north": "13.377834","south": "12.583984810969037","east": "-61.11388","west": "-61.46090317727658"},
{"country": "Venezuela","north": "12.201903","south": "0.626311","east": "-59.80378","west": "-73.354073"},
{"country": "British Virgin Islands","north": "18.757221","south": "18.383710898211305","east": "-64.268768","west": "-64.71312752730364"},
{"country": "U.S. Virgin Islands","north": "18.415382","south": "17.673931","east": "-64.565193","west": "-65.101333"},
{"country": "Vietnam","north": "23.388834","south": "8.559611","east": "109.464638","west": "102.148224"},
{"country": "Vanuatu","north": "-13.073444","south": "-20.248945","east": "169.904785","west": "166.524979"},
{"country": "Wallis and Futuna","north": "-13.216758181061444","south": "-14.314559989820843","east": "-176.16174317718253","west": "-178.1848112896414"},
{"country": "Samoa","north": "-13.432207","south": "-14.040939","east": "-171.415741","west": "-172.798599"},
{"country": "Kosovo","north": "43.2682495807952","south": "41.856369601859925","east": "21.80335088694943","west": "19.977481504492914"},
{"country": "Yemen","north": "18.9999989031009","south": "12.1110910264462","east": "54.5305388163283","west": "42.5325394314234"},
{"country": "Mayotte","north": "-12.648891","south": "-13.000132","east": "45.29295","west": "45.03796"},
{"country": "South Africa","north": "-22.126612","south": "-34.839828","east": "32.895973","west": "16.458021"},
{"country": "Zambia","north": "-8.22436","south": "-18.079473","east": "33.705704","west": "21.999371"},
{"country": "Zimbabwe","north": "-15.608835","south": "-22.417738","east": "33.056305","west": "25.237028"}
]