[
{"country" : "Afghanistan", "density" : "46.800"},
{"country" : "Albania", "density" : "101.230"},
{"country" : "Algeria", "density" : "16.460"},
{"country" : "American Samoa", "density" : "275.830"},
{"country" : "Andorra", "density" : "168.550"},
{"country" : "Angola", "density" : "17.220"},
{"country" : "Antigua and Barbuda", "density" : "204.510"},
{"country" : "Argentina", "density" : "15.140"},
{"country" : "Armenia", "density" : "104.550"},
{"country" : "Aruba", "density" : "571.730"},
{"country" : "Australia", "density" : "3.010"},
{"country" : "Austria", "density" : "102.830"},
{"country" : "Azerbaijan", "density" : "113.920"},
{"country" : "Bahamas, The", "density" : "37.700"},
{"country" : "Bahrain", "density" : "1,752.860"},
{"country" : "Bangladesh", "density" : "1,203.000"},
{"country" : "Barbados", "density" : "661.960"},
{"country" : "Belarus", "density" : "46.650"},
{"country" : "Belgium", "density" : "369.720"},
{"country" : "Belize", "density" : "14.550"},
{"country" : "Benin", "density" : "91.550"},
{"country" : "Bermuda", "density" : "1,300.480"},
{"country" : "Bhutan", "density" : "19.780"},
{"country" : "Bolivia", "density" : "9.850"},
{"country" : "Bosnia and Herzegovina", "density" : "75.080"},
{"country" : "Botswana", "density" : "3.570"},
{"country" : "Brazil", "density" : "23.970"},
{"country" : "Brunei Darussalam", "density" : "79.280"},
{"country" : "Bulgaria", "density" : "66.920"},
{"country" : "Burkina Faso", "density" : "61.900"},
{"country" : "Burundi", "density" : "395.740"},
{"country" : "Cabo Verde", "density" : "123.800"},
{"country" : "Cambodia", "density" : "85.740"},
{"country" : "Cameroon", "density" : "47.080"},
{"country" : "Canada", "density" : "3.870"},
{"country" : "Cayman Islands", "density" : "243.480"},
{"country" : "Central African Republic", "density" : "7.410"},
{"country" : "Chad", "density" : "10.190"},
{"country" : "Channel Islands", "density" : "852.730"},
{"country" : "Chile", "density" : "23.700"},
{"country" : "China", "density" : "144.580"},
{"country" : "Colombia", "density" : "43.550"},
{"country" : "Comoros", "density" : "394.900"},
{"country" : "Congo, Dem. Rep.", "density" : "29.780"},
{"country" : "Congo, Rep.", "density" : "13.020"},
{"country" : "Costa Rica", "density" : "95.420"},
{"country" : "Ivory Coast", "density" : "63.890"},
{"country" : "Croatia", "density" : "76.000"},
{"country" : "Cuba", "density" : "105.840"},
{"country" : "Curacao", "density" : "345.720"},
{"country" : "Cyprus", "density" : "123.500"},
{"country" : "Czech Republic", "density" : "136.240"},
{"country" : "Denmark", "density" : "132.310"},
{"country" : "Djibouti", "density" : "37.660"},
{"country" : "Dominica", "density" : "96.000"},
{"country" : "Dominican Republic", "density" : "215.310"},
{"country" : "Ecuador", "density" : "63.370"},
{"country" : "Egypt, Arab Rep.", "density" : "82.430"},
{"country" : "El Salvador", "density" : "306.010"},
{"country" : "Equatorial Guinea", "density" : "26.990"},
{"country" : "Eritrea", "density" : "62.700"},
{"country" : "Estonia", "density" : "31.250"},
{"country" : "Ethiopia", "density" : "94.100"},
{"country" : "Faeroe Islands", "density" : "35.440"},
{"country" : "Fiji", "density" : "48.220"},
{"country" : "Finland", "density" : "17.900"},
{"country" : "France", "density" : "120.590"},
{"country" : "French Polynesia", "density" : "75.640"},
{"country" : "Gabon", "density" : "6.490"},
{"country" : "Gambia, The", "density" : "182.740"},
{"country" : "Georgia", "density" : "78.320"},
{"country" : "Germany", "density" : "231.310"},
{"country" : "Ghana", "density" : "113.850"},
{"country" : "Greece", "density" : "85.590"},
{"country" : "Greenland", "density" : "0.140"},
{"country" : "Grenada", "density" : "311.460"},
{"country" : "Guam", "density" : "305.790"},
{"country" : "Guatemala", "density" : "144.350"},
{"country" : "Guinea", "density" : "47.800"},
{"country" : "Guinea-Bissau", "density" : "60.610"},
{"country" : "Guyana", "density" : "4.060"},
{"country" : "Haiti", "density" : "374.360"},
{"country" : "Honduras", "density" : "72.370"},
{"country" : "Hong Kong SAR, China", "density" : "6,845.240"},
{"country" : "Hungary", "density" : "109.330"},
{"country" : "Iceland", "density" : "3.220"},
{"country" : "India", "density" : "421.140"},
{"country" : "Indonesia", "density" : "124.000"},
{"country" : "Iran, Islamic Rep.", "density" : "47.560"},
{"country" : "Iraq", "density" : "76.940"},
{"country" : "Ireland", "density" : "66.700"},
{"country" : "Isle of Man", "density" : "150.680"},
{"country" : "Israel", "density" : "372.430"},
{"country" : "Italy", "density" : "203.410"},
{"country" : "Jamaica", "density" : "250.690"},
{"country" : "Japan", "density" : "349.290"},
{"country" : "Jordan", "density" : "72.750"},
{"country" : "Kazakhstan", "density" : "6.310"},
{"country" : "Kenya", "density" : "77.930"},
{"country" : "Kiribati", "density" : "126.360"},
{"country" : "Korea, Dem. Rep.", "density" : "206.760"},
{"country" : "Korea, Rep.", "density" : "515.870"},
{"country" : "Kosovo", "density" : "167.540"},
{"country" : "Kuwait", "density" : "189.030"},
{"country" : "Kyrgyz Republic", "density" : "29.820"},
{"country" : "Lao PDR", "density" : "29.330"},
{"country" : "Latvia", "density" : "32.380"},
{"country" : "Lebanon", "density" : "436.700"},
{"country" : "Lesotho", "density" : "68.330"},
{"country" : "Liberia", "density" : "44.580"},
{"country" : "Libya", "density" : "3.520"},
{"country" : "Liechtenstein", "density" : "230.780"},
{"country" : "Lithuania", "density" : "47.170"},
{"country" : "Luxembourg", "density" : "209.730"},
{"country" : "Macao SAR, China", "density" : "18,942.310"},
{"country" : "Macedonia, FYR", "density" : "83.550"},
{"country" : "Madagascar", "density" : "39.400"},
{"country" : "Malawi", "density" : "173.550"},
{"country" : "Malaysia", "density" : "90.450"},
{"country" : "Maldives", "density" : "1,150.080"},
{"country" : "Mali", "density" : "12.540"},
{"country" : "Malta", "density" : "1,322.760"},
{"country" : "Marshall Islands", "density" : "292.410"},
{"country" : "Mauritania", "density" : "3.770"},
{"country" : "Mauritius", "density" : "638.570"},
{"country" : "Mexico", "density" : "62.930"},
{"country" : "Micronesia, Fed. Sts.", "density" : "147.930"},
{"country" : "Moldova", "density" : "124.020"},
{"country" : "Monaco", "density" : "18,915.500"},
{"country" : "Mongolia", "density" : "1.830"},
{"country" : "Montenegro", "density" : "46.200"},
{"country" : "Morocco", "density" : "73.960"},
{"country" : "Mozambique", "density" : "32.850"},
{"country" : "Myanmar", "density" : "81.520"},
{"country" : "Namibia", "density" : "2.800"},
{"country" : "Nepal", "density" : "193.910"},
{"country" : "Netherlands", "density" : "498.350"},
{"country" : "New Caledonia", "density" : "14.330"},
{"country" : "New Zealand", "density" : "16.980"},
{"country" : "Nicaragua", "density" : "50.530"},
{"country" : "Niger", "density" : "14.080"},
{"country" : "Nigeria", "density" : "190.620"},
{"country" : "Northern Mariana Islands", "density" : "117.080"},
{"country" : "Norway", "density" : "13.920"},
{"country" : "Oman", "density" : "11.740"},
{"country" : "Pakistan", "density" : "236.280"},
{"country" : "Palau", "density" : "45.470"},
{"country" : "Panama", "density" : "51.980"},
{"country" : "Papua New Guinea", "density" : "16.170"},
{"country" : "Paraguay", "density" : "17.120"},
{"country" : "Peru", "density" : "23.730"},
{"country" : "Philippines", "density" : "329.990"},
{"country" : "Poland", "density" : "125.830"},
{"country" : "Portugal", "density" : "114.200"},
{"country" : "Puerto Rico", "density" : "407.560"},
{"country" : "Qatar", "density" : "186.790"},
{"country" : "Romania", "density" : "86.790"},
{"country" : "Russian Federation", "density" : "8.760"},
{"country" : "Rwanda", "density" : "477.360"},
{"country" : "Samoa", "density" : "67.270"},
{"country" : "San Marino", "density" : "524.130"},
{"country" : "Sao Tome and Principe", "density" : "201.030"},
{"country" : "Saudi Arabia", "density" : "13.410"},
{"country" : "Senegal", "density" : "73.410"},
{"country" : "Serbia", "density" : "81.910"},
{"country" : "Seychelles", "density" : "193.850"},
{"country" : "Sierra Leone", "density" : "84.400"},
{"country" : "Singapore", "density" : "7,713.140"},
{"country" : "Sint Maarten (Dutch part)", "density" : "1,167.320"},
{"country" : "Slovak Republic", "density" : "112.590"},
{"country" : "Slovenia", "density" : "102.310"},
{"country" : "Solomon Islands", "density" : "20.050"},
{"country" : "Somalia", "density" : "16.730"},
{"country" : "South Africa", "density" : "43.680"},
{"country" : "South Sudan", "density" : "0.000"},
{"country" : "Spain", "density" : "93.520"},
{"country" : "Sri Lanka", "density" : "326.630"},
{"country" : "St. Kitts and Nevis", "density" : "208.430"},
{"country" : "St. Lucia", "density" : "298.810"},
{"country" : "St. Martin (French part)", "density" : "574.710"},
{"country" : "St. Vincent and the Grenadines", "density" : "280.440"},
{"country" : "Sudan", "density" : "20.730"},
{"country" : "Suriname", "density" : "3.460"},
{"country" : "Swaziland", "density" : "72.650"},
{"country" : "Sweden", "density" : "23.550"},
{"country" : "Switzerland", "density" : "204.510"},
{"country" : "Syrian Arab Republic", "density" : "124.410"},
{"country" : "Tajikistan", "density" : "58.640"},
{"country" : "Tanzania", "density" : "55.600"},
{"country" : "Thailand", "density" : "131.160"},
{"country" : "Timor-Leste", "density" : "79.240"},
{"country" : "Togo", "density" : "125.340"},
{"country" : "Tonga", "density" : "146.280"},
{"country" : "Trinidad and Tobago", "density" : "261.430"},
{"country" : "Tunisia", "density" : "70.070"},
{"country" : "Turkey", "density" : "97.360"},
{"country" : "Turkmenistan", "density" : "11.150"},
{"country" : "Turks and Caicos Islands", "density" : "34.840"},
{"country" : "Tuvalu", "density" : "329.200"},
{"country" : "Uganda", "density" : "188.070"},
{"country" : "Ukraine", "density" : "78.520"},
{"country" : "United Arab Emirates", "density" : "111.800"},
{"country" : "United Kingdom", "density" : "264.940"},
{"country" : "United States", "density" : "34.560"},
{"country" : "Uruguay", "density" : "19.470"},
{"country" : "Uzbekistan", "density" : "71.090"},
{"country" : "Vanuatu", "density" : "20.740"},
{"country" : "Venezuela, RB", "density" : "34.470"},
{"country" : "Vietnam", "density" : "289.320"},
{"country" : "Virgin Islands (U.S.)", "density" : "299.250"},
{"country" : "West Bank and Gaza", "density" : "692.610"},
{"country" : "Yemen, Rep.", "density" : "46.230"},
{"country" : "Zambia", "density" : "19.560"},
{"country" : "Zimbabwe", "density" : "36.580"}
]
