[
{"country" : "Afghanistan", "temperature" : "12.60", "measurement" : "celsius"},
{"country" : "Albania", "temperature" : "11.40", "measurement" : "celsius"},
{"country" : "Algeria", "temperature" : "22.50", "measurement" : "celsius"},
{"country" : "Andorra", "temperature" : "7.60", "measurement" : "celsius"},
{"country" : "Angola", "temperature" : "21.55", "measurement" : "celsius"},
{"country" : "Antigua and Barbuda", "temperature" : "26", "measurement" : "celsius"},
{"country" : "Argentina", "temperature" : "14.80", "measurement" : "celsius"},
{"country" : "Armenia", "temperature" : "7.15", "measurement" : "celsius"},
{"country" : "Australia", "temperature" : "21.65", "measurement" : "celsius"},
{"country" : "Austria", "temperature" : "6.35", "measurement" : "celsius"},
{"country" : "Azerbaijan", "temperature" : "11.95", "measurement" : "celsius"},
{"country" : "Bahamas", "temperature" : "24.85", "measurement" : "celsius"},
{"country" : "Bahrain", "temperature" : "27.15", "measurement" : "celsius"},
{"country" : "Bangladesh", "temperature" : "25", "measurement" : "celsius"},
{"country" : "Barbados", "temperature" : "26", "measurement" : "celsius"},
{"country" : "Belarus", "temperature" : "6.15", "measurement" : "celsius"},
{"country" : "Belgium", "temperature" : "9.55", "measurement" : "celsius"},
{"country" : "Belize", "temperature" : "25.30", "measurement" : "celsius"},
{"country" : "Benin", "temperature" : "27.55", "measurement" : "celsius"},
{"country" : "Bhutan", "temperature" : "7.40", "measurement" : "celsius"},
{"country" : "Bolivia", "temperature" : "21.55", "measurement" : "celsius"},
{"country" : "Bosnia and Herzegovina", "temperature" : "9.85", "measurement" : "celsius"},
{"country" : "Botswana", "temperature" : "21.50", "measurement" : "celsius"},
{"country" : "Brazil", "temperature" : "24.95", "measurement" : "celsius"},
{"country" : "Brunei", "temperature" : "26.85", "measurement" : "celsius"},
{"country" : "Bulgaria", "temperature" : "10.55", "measurement" : "celsius"},
{"country" : "Burkina Faso", "temperature" : "28.25", "measurement" : "celsius"},
{"country" : "Burundi", "temperature" : "19.80", "measurement" : "celsius"},
{"country" : "Cambodia", "temperature" : "26.80", "measurement" : "celsius"},
{"country" : "Cameroon", "temperature" : "24.60", "measurement" : "celsius"},
{"country" : "Canada", "temperature" : "-5.35", "measurement" : "celsius"},
{"country" : "Cape Verde", "temperature" : "23.30", "measurement" : "celsius"},
{"country" : "Central African Republic", "temperature" : "24.90", "measurement" : "celsius"},
{"country" : "Chad", "temperature" : "26.55", "measurement" : "celsius"},
{"country" : "Chile", "temperature" : "8.45", "measurement" : "celsius"},
{"country" : "China", "temperature" : "6.95", "measurement" : "celsius"},
{"country" : "Colombia", "temperature" : "24.50", "measurement" : "celsius"},
{"country" : "Comoros", "temperature" : "25.55", "measurement" : "celsius"},
{"country" : "The Democratic Republic of Congo", "temperature" : "24", "measurement" : "celsius"},
{"country" : "Congo", "temperature" : "24.55", "measurement" : "celsius"},
{"country" : "Costa Rica", "temperature" : "24.80", "measurement" : "celsius"},
{"country" : "Croatia", "temperature" : "10.90", "measurement" : "celsius"},
{"country" : "Cuba", "temperature" : "25.20", "measurement" : "celsius"},
{"country" : "Cyprus", "temperature" : "18.45", "measurement" : "celsius"},
{"country" : "Czech Republic", "temperature" : "7.55", "measurement" : "celsius"},
{"country" : "Denmark", "temperature" : "7.50", "measurement" : "celsius"},
{"country" : "Djibouti", "temperature" : "28", "measurement" : "celsius"},
{"country" : "Dominica", "temperature" : "22.35", "measurement" : "celsius"},
{"country" : "Dominican Republic", "temperature" : "24.55", "measurement" : "celsius"},
{"country" : "East Timor", "temperature" : "25.25", "measurement" : "celsius"},
{"country" : "Ecuador", "temperature" : "21.85", "measurement" : "celsius"},
{"country" : "Egypt", "temperature" : "22.10", "measurement" : "celsius"},
{"country" : "El Salvador", "temperature" : "24.45", "measurement" : "celsius"},
{"country" : "Equatorial Guinea", "temperature" : "24.55", "measurement" : "celsius"},
{"country" : "Eritrea", "temperature" : "25.50", "measurement" : "celsius"},
{"country" : "Estonia", "temperature" : "5.10", "measurement" : "celsius"},
{"country" : "Ethiopia", "temperature" : "22.20", "measurement" : "celsius"},
{"country" : "Fiji", "temperature" : "24.40", "measurement" : "celsius"},
{"country" : "Finland", "temperature" : "1.70", "measurement" : "celsius"},
{"country" : "France", "temperature" : "10.70", "measurement" : "celsius"},
{"country" : "Gabon", "temperature" : "25.05", "measurement" : "celsius"},
{"country" : "The Gambia", "temperature" : "27.50", "measurement" : "celsius"}, 
{"country" : "Georgia ", "temperature": "5.80", "measurement" : "celsius"}, 
{"country" : "Germany", "temperature" : "8.50", "measurement" : "celsius"}, 
{"country" : "Ghana", "temperature" : "27.20", "measurement" : "celsius"}, 
{"country" : "Greece", "temperature" : "15.40", "measurement" : "celsius"}, 
{"country" : "Grenada", "temperature" : "26.65", "measurement" : "celsius"}, 
{"country" : "Guatemala", "temperature" : "23.45", "measurement" : "celsius"}, 
{"country" : "Guinea", "temperature" : "25.70", "measurement" : "celsius"}, 
{"country" : "Guinea-Bissau", "temperature" : "26.75", "measurement" : "celsius"}, 
{"country" : "Guyana", "temperature" : "26", "measurement" : "celsius"}, 
{"country" : "Haiti", "temperature" : "24.90", "measurement" : "celsius"}, 
{"country" : "Honduras", "temperature" : "23.50", "measurement" : "celsius"}, 
{"country" : "Hungary", "temperature" : "9.75", "measurement" : "celsius"}, 
{"country" : "Iceland", "temperature" : "1.75", "measurement" : "celsius"}, 
{"country" : "India", "temperature" : "23.65", "measurement" : "celsius"}, 
{"country" : "Indonesia", "temperature" : "25.85", "measurement" : "celsius"}, 
{"country" : "Iran", "temperature" : "17.25", "measurement" : "celsius"}, 
{"country" : "Iraq", "temperature" : "21.40", "measurement" : "celsius"}, 
{"country" : "Republic of Ireland", "temperature" : "9.30", "measurement" : "celsius"}, 
{"country" : "Israel", "temperature" : "19.20", "measurement" : "celsius"}, 
{"country" : "Italy", "temperature" : "13.45", "measurement" : "celsius"}, 
{"country" : "Ivory Coast", "temperature" : "26.35", "measurement" : "celsius"}, 
{"country" : "Jamaica", "temperature" : "24.95", "measurement" : "celsius"}, 
{"country" : "Japan", "temperature" : "11.15", "measurement" : "celsius"}, 
{"country" : "Jordan", "temperature" : "18.30", "measurement" : "celsius"}, 
{"country" : "Kazakhstan", "temperature" : "6.40", "measurement" : "celsius"}, 
{"country" : "Kenya", "temperature" : "24.75", "measurement" : "celsius"},
{"country" : "Kiribati", "temperature" : "28.20", "measurement" : "celsius"},
{"country" : "North Korea", "temperature" : "5.70", "measurement" : "celsius"},
{"country" : "South Korea", "temperature" : "11.50", "measurement" : "celsius"},
{"country" : "Kuwait", "temperature" : "25.35", "measurement" : "celsius"},
{"country" : "Kyrgyzstan", "temperature" : "1.55", "measurement" : "celsius"},
{"country" : "Laos", "temperature" : "22.80", "measurement" : "celsius"},
{"country" : "Latvia", "temperature" : "5.60", "measurement" : "celsius"},
{"country" : "Lebanon", "temperature" : "16.40", "measurement" : "celsius"},
{"country" : "Lesotho", "temperature" : "11.85", "measurement" : "celsius"},
{"country" : "Liberia", "temperature" : "25.30", "measurement" : "celsius"},
{"country" : "Libya", "temperature" : "21.80", "measurement" : "celsius"},
{"country" : "Liechtenstein", "temperature" : "5.65", "measurement" : "celsius"},
{"country" : "Lithuania", "temperature" : "6.20", "measurement" : "celsius"},
{"country" : "Luxembourg", "temperature" : "8.65", "measurement" : "celsius"},
{"country" : "Republic of Macedonia", "temperature" : "9.80", "measurement" : "celsius"},
{"country" : "Madagascar", "temperature" : "22.65", "measurement" : "celsius"},
{"country" : "Malawi", "temperature" : "21.90", "measurement" : "celsius"},
{"country" : "Malaysia", "temperature" : "25.40", "measurement" : "celsius"},
{"country" : "Maldives", "temperature" : "27.65", "measurement" : "celsius"},
{"country" : "Mali", "temperature" : "28.25", "measurement" : "celsius"},
{"country" : "Malta", "temperature" : "19.20", "measurement" : "celsius"},
{"country" : "Marshall Islands", "temperature" : "27.40", "measurement" : "celsius"},
{"country" : "Mauritania", "temperature" : "27.65", "measurement" : "celsius"},
{"country" : "Mauritius", "temperature" : "22.40", "measurement" : "celsius"},
{"country" : "Mexico", "temperature" : "21", "measurement" : "celsius"},
{"country" : "Federated States of Micronesia", "temperature" : "25.85", "measurement" : "celsius"},
{"country" : "Moldova", "temperature" : "9.45", "measurement" : "celsius"},
{"country" : "Monaco", "temperature" : "13.55", "measurement" : "celsius"},
{"country" : "Mongolia", "temperature" : "-0.70", "measurement" : "celsius"},
{"country" : "Montenegro", "temperature" : "10.55", "measurement" : "celsius"},
{"country" : "Morocco", "temperature" : "17.10", "measurement" : "celsius"},
{"country" : "Mozambique", "temperature" : "23.80", "measurement" : "celsius"},  
{"country" : "Myanmar", "temperature" : "13.05", "measurement" : "celsius"},  
{"country" : "Namibia", "temperature" : "19.95", "measurement" : "celsius"},  
{"country" : "Nepal", "temperature" : "8.10", "measurement" : "celsius"},  
{"country" : "Netherlands", "temperature" : "9.25", "measurement" : "celsius"},  
{"country" : "New Zealand", "temperature" : "10.55", "measurement" : "celsius"},  
{"country" : "Nicaragua", "temperature" : "24.90", "measurement" : "celsius"},  
{"country" : "Niger", "temperature" : "27.15", "measurement" : "celsius"},  
{"country" : "Nigeria", "temperature" : "26.80", "measurement" : "celsius"},  
{"country" : "Norway", "temperature" : "1.50", "measurement" : "celsius"},  
{"country" : "Oman", "temperature" : "25.60", "measurement" : "celsius"},  
{"country" : "Pakistan", "temperature" : "20.20", "measurement" : "celsius"},  
{"country" : "Palau", "temperature" : "27.60", "measurement" : "celsius"},  
{"country" : "Panama", "temperature" : "25.40", "measurement" : "celsius"},  
{"country" : "Papua New Guinea", "temperature" : "25.25", "measurement" : "celsius"},  
{"country" : "Paraguay", "temperature" : "23.55", "measurement" : "celsius"},  
{"country" : "Peru", "temperature" : "19.60", "measurement" : "celsius"},  
{"country" : "Philippines", "temperature" : "25.85", "measurement" : "celsius"},  
{"country" : "Poland", "temperature" : "7.85", "measurement" : "celsius"},  
{"country" : "Portugal", "temperature" : "15.15", "measurement" : "celsius"},  
{"country" : "Qatar", "temperature" : "27.15", "measurement" : "celsius"},  
{"country" : "Romania", "temperature" : "8.80", "measurement" : "celsius"},  
{"country" : "Russian Federation", "temperature" : "-5.10", "measurement" : "celsius"},  
{"country" : "Rwanda", "temperature" : "17.85", "measurement" : "celsius"},  
{"country" : "Saint Kitts and Nevis", "temperature" : "24.50", "measurement" : "celsius"},  
{"country" : "Saint Lucia", "temperature" : "25.50", "measurement" : "celsius"},  
{"country" : "Saint Vincent and the Grenadines", "temperature" : "26.80", "measurement" : "celsius"},  
{"country" : "Samoa", "temperature" : "26.70", "measurement" : "celsius"},  
{"country" : "San Marino", "temperature" : "11.85", "measurement" : "celsius"},  
{"country" : "São Tomé and Príncipe", "temperature" :"23.75", "measurement" : "celsius"},
{"country" : "Saudi Arabia", "temperature" : "24.65", "measurement" : "celsius"}, 
{"country" : "Senegal", "temperature" : "27.85", "measurement" : "celsius"}, 
{"country" : "Serbia", "temperature" : "10.55", "measurement" : "celsius"}, 
{"country" : "Seychelles", "temperature" : "27.15", "measurement" : "celsius"}, 
{"country" : "Sierra Leone", "temperature" : "26.05", "measurement" : "celsius"}, 
{"country" : "Singapore", "temperature" : "26.45", "measurement" : "celsius"}, 
{"country" : "Slovakia", "temperature" : "6.80", "measurement" : "celsius"}, 
{"country" : "Slovenia", "temperature" : "8.90", "measurement" : "celsius"}, 
{"country" : "Solomon Islands", "temperature" : "25.65", "measurement" : "celsius"}, 
{"country" : "Somalia", "temperature" : "27.05", "measurement" : "celsius"}, 
{"country" : "South Africa", "temperature" : "17.75", "measurement" : "celsius"}, 
{"country" : "Spain", "temperature" : "13.30", "measurement" : "celsius"}, 
{"country" : "Sri Lanka", "temperature" : "26.95", "measurement" : "celsius"}, 
{"country" : "Sudan", "temperature" : "26.90", "measurement" : "celsius"}, 
{"country" : "Suriname", "temperature" : "25.70", "measurement" : "celsius"}, 
{"country" : "Swaziland", "temperature" : "21.40", "measurement" : "celsius"}, 
{"country" : "Sweden", "temperature" : "2.10", "measurement" : "celsius"}, 
{"country" : "Switzerland", "temperature" : "5.50", "measurement" : "celsius"}, 
{"country" : "Syria", "temperature" : "17.75", "measurement" : "celsius"}, 
{"country" : "Tajikistan", "temperature" : "2", "measurement" : "celsius"}, 
{"country" : "Tanzania", "temperature" : "22.35", "measurement" : "celsius"}, 
{"country" : "Thailand", "temperature" : "26.30", "measurement" : "celsius"}, 
{"country" : "Togo", "temperature" : "27.15", "measurement" : "celsius"}, 
{"country" : "Tonga", "temperature" : "25.25", "measurement" : "celsius"}, 
{"country" : "Trinidad and Tobago", "temperature" : "25.75", "measurement" : "celsius"}, 
{"country" : "Tunisia", "temperature" : "19.20", "measurement" : "celsius"}, 
{"country" : "Turkey", "temperature" : "11.10", "measurement" : "celsius"},  
{"country" : "Turkmenistan", "temperature" : "15.10", "measurement" : "celsius"},  
{"country" : "Tuvalu", "temperature" : "28", "measurement" : "celsius"},  
{"country" : "Uganda", "temperature" : "22.80", "measurement" : "celsius"},  
{"country" : "Ukraine", "temperature" : "8.30", "measurement" : "celsius"},  
{"country" : "United Arab Emirates", "temperature" : "27", "measurement" : "celsius"},  
{"country" : "United Kingdom", "temperature" : "8.45", "measurement" : "celsius"},  
{"country" : "United States", "temperature" : "8.55", "measurement" : "celsius"},  
{"country" : "Uruguay", "temperature" : "17.55", "measurement" : "celsius"},  
{"country" : "Uzbekistan", "temperature" : "12.05", "measurement" : "celsius"},  
{"country" : "Vanuatu", "temperature" : "23.95", "measurement" : "celsius"},  
{"country" : "Venezuela", "temperature" : "25.35", "measurement" : "celsius"},  
{"country" : "Vietnam", "temperature" : "24.45", "measurement" : "celsius"},  
{"country" : "Yemen", "temperature" : "23.85", "measurement" : "celsius"},  
{"country" : "Zambia", "temperature" : "21.40", "measurement" : "celsius"},  
{"country" : "Zimbabwe", "temperature" : "21 "}
]
