[
{"country" : "Algeria", "height" : 170.2},
{"country" : "Argentina", "height" : 171.3},
{"country" : "Australia", "height" : 176.3},
{"country" : "Austria", "height" : 177.0},
{"country" : "Azerbaijan", "height" : 172.0},
{"country" : "Bahrain", "height" : 165.6},
{"country" : "Belgium", "height" : 176.6},
{"country" : "Brazil", "height" : 169.5},
{"country" : "Cambodia", "height" : 160.3},
{"country" : "Cameroon", "height" : 170.0},
{"country" : "Canada", "height" : 174.3},
{"country" : "Chile", "height" : 169.2},
{"country" : "China", "height" : 168.3},
{"country" : "Colombia", "height" : 169.5},
{"country" : "Croatia", "height" : 177.6},
{"country" : "Czech Republic", "height" : 178.3},
{"country" : "Denmark", "height" : 178.8},
{"country" : "Egypt", "height" : 170.3},
{"country" : "Eritrea", "height" : 175.8},
{"country" : "Estonia", "height" : 177.1},
{"country" : "Finland", "height" : 178.4},
{"country" : "France", "height" : 174.1},
{"country" : "Gambia", "height" : 170.0},
{"country" : "Germany", "height" : 177.4},
{"country" : "Ghana", "height" : 169.8},
{"country" : "Greece", "height" : 175.7},
{"country" : "Hong Kong", "height" : 168.5},
{"country" : "Hungary", "height" : 175.3},
{"country" : "Iceland", "height" : 179.8},
{"country" : "India", "height" : 162.3},
{"country" : "Indonesia", "height" : 161.5},
{"country" : "Iran", "height" : 170.6},
{"country" : "Iraq", "height" : 165.4},
{"country" : "Ireland", "height" : 175.0},
{"country" : "Israel", "height" : 175.0},
{"country" : "Italy", "height" : 173.2},
{"country" : "Ivory Coast", "height" : 170.4},
{"country" : "Jamaica", "height" : 172.8},
{"country" : "Japan", "height" : 168.6},
{"country" : "Lebanon", "height" : 174.2},
{"country" : "Lithuania", "height" : 175.0},
{"country" : "Luxembourg", "height" : 178.0},
{"country" : "Malawi", "height" : 166.0},
{"country" : "Malaysia", "height" : 166.0},
{"country" : "Mali", "height" : 172.5},
{"country" : "Mexico", "height" : 167.5},
{"country" : "Mongolia", "height" : 166.4},
{"country" : "Morocco", "height" : 170.7},
{"country" : "Nepal", "height" : 163.0},
{"country" : "Netherlands", "height" : 181.0},
{"country" : "New Zealand", "height" : 175.5},
{"country" : "Nigeria", "height" : 165.0},
{"country" : "North Korea", "height" : 163.8},
{"country" : "Norway", "height" : 179.7},
{"country" : "Pakistan", "height" : 167.0},
{"country" : "Paraguay", "height" : 169.0},
{"country" : "Peru", "height" : 164.3},
{"country" : "Philippines", "height" : 162.0},
{"country" : "Poland", "height" : 176.0},
{"country" : "Portugal", "height" : 170.5},
{"country" : "Romania", "height" : 172.0},
{"country" : "Russian Federation", "height" : 175.0},
{"country" : "Senegal", "height" : 173.0},
{"country" : "Serbia", "height" : 176.5},
{"country" : "Singapore", "height" : 166.6},
{"country" : "Slovenia", "height" : 178.1},
{"country" : "South Africa", "height" : 170.0},
{"country" : "South Korea", "height" : 171.0},
{"country" : "Spain", "height" : 172.0},
{"country" : "Sri Lanka", "height" : 166.0},
{"country" : "Sweden", "height" : 179.3},
{"country" : "Switzerland", "height" : 176.5},
{"country" : "Syria", "height" : 171.0},
{"country" : "Taiwan", "height" : 169.3},
{"country" : "Thailand", "height" : 166.4},
{"country" : "Tunisia", "height" : 170.3},
{"country" : "Turkey", "height" : 174.1},
{"country" : "Ukraine", "height" : 175.0},
{"country" : "United Kingdom", "height" : 175.4},
{"country" : "United States", "height" : 176.4},
{"country" : "Uruguay", "height" : 171.8},
{"country" : "Uzbekistan", "height" : 173.4},
{"country" : "Venezuela", "height" : 169.0},
{"country" : "Vietnam", "height" : 162.1}
]
