[
{"country" : "Aruba", "expectancy" : 78.4},
{"country" : "Afghanistan", "expectancy" : 45.9},
{"country" : "Angola", "expectancy" : 38.3},
{"country" : "Anguilla", "expectancy" : 76.1},
{"country" : "Albania", "expectancy" : 71.6},
{"country" : "Andorra", "expectancy" : 83.5},
{"country" : "Netherlands Antilles", "expectancy" : 74.7},
{"country" : "United Arab Emirates", "expectancy" : 74.1},
{"country" : "Argentina", "expectancy" : 75.1},
{"country" : "Armenia", "expectancy" : 66.4},
{"country" : "American Samoa", "expectancy" : 75.1},
{"country" : "Antarctica", "expectancy" : null},
{"country" : "French Southern territories", "expectancy" : null},
{"country" : "Antigua and Barbuda", "expectancy" : 70.5},
{"country" : "Australia", "expectancy" : 79.8},
{"country" : "Austria", "expectancy" : 77.7},
{"country" : "Azerbaijan", "expectancy" : 62.9},
{"country" : "Burundi", "expectancy" : 46.2},
{"country" : "Belgium", "expectancy" : 77.8},
{"country" : "Benin", "expectancy" : 50.2},
{"country" : "Burkina Faso", "expectancy" : 46.7},
{"country" : "Bangladesh", "expectancy" : 60.2},
{"country" : "Bulgaria", "expectancy" : 70.9},
{"country" : "Bahrain", "expectancy" : 73.0},
{"country" : "Bahamas", "expectancy" : 71.1},
{"country" : "Bosnia and Herzegovina", "expectancy" : 71.5},
{"country" : "Belarus", "expectancy" : 68.0},
{"country" : "Belize", "expectancy" : 70.9},
{"country" : "Bermuda", "expectancy" : 76.9},
{"country" : "Bolivia", "expectancy" : 63.7},
{"country" : "Brazil", "expectancy" : 62.9},
{"country" : "Barbados", "expectancy" : 73.0},
{"country" : "Brunei", "expectancy" : 73.6},
{"country" : "Bhutan", "expectancy" : 52.4},
{"country" : "Bouvet Island", "expectancy" : null},
{"country" : "Botswana", "expectancy" : 39.3},
{"country" : "Central African Republic", "expectancy" : 44.0},
{"country" : "Canada", "expectancy" : 79.4},
{"country" : "Cocos (Keeling) Islands", "expectancy" : null},
{"country" : "Switzerland", "expectancy" : 79.6},
{"country" : "Chile", "expectancy" : 75.7},
{"country" : "China", "expectancy" : 71.4},
{"country" : "Ivory Coast", "expectancy" : 45.2},
{"country" : "Cameroon", "expectancy" : 54.8},
{"country" : "The Democratic Republic of the Congo", "expectancy" : 48.8},
{"country" : "Congo", "expectancy" : 47.4},
{"country" : "Cook Islands", "expectancy" : 71.1},
{"country" : "Colombia", "expectancy" : 70.3},
{"country" : "Comoros", "expectancy" : 60.0},
{"country" : "Cape Verde", "expectancy" : 68.9},
{"country" : "Costa Rica", "expectancy" : 75.8},
{"country" : "Cuba", "expectancy" : 76.2},
{"country" : "Christmas Island", "expectancy" : null},
{"country" : "Cayman Islands", "expectancy" : 78.9},
{"country" : "Cyprus", "expectancy" : 76.7},
{"country" : "Czech Republic", "expectancy" : 74.5},
{"country" : "Germany", "expectancy" : 77.4},
{"country" : "Djibouti", "expectancy" : 50.8},
{"country" : "Dominica", "expectancy" : 73.4},
{"country" : "Denmark", "expectancy" : 76.5},
{"country" : "Dominican Republic", "expectancy" : 73.2},
{"country" : "Algeria", "expectancy" : 69.7},
{"country" : "Ecuador", "expectancy" : 71.1},
{"country" : "Egypt", "expectancy" : 63.3},
{"country" : "Eritrea", "expectancy" : 55.8},
{"country" : "Western Sahara", "expectancy" : 49.8},
{"country" : "Spain", "expectancy" : 78.8},
{"country" : "Estonia", "expectancy" : 69.5},
{"country" : "Ethiopia", "expectancy" : 45.2},
{"country" : "Finland", "expectancy" : 77.4},
{"country" : "Fiji Islands", "expectancy" : 67.9},
{"country" : "Falkland Islands", "expectancy" : null},
{"country" : "France", "expectancy" : 78.8},
{"country" : "Faroe Islands", "expectancy" : 78.4},
{"country" : "Micronesia", "expectancy" : null},
{"country" : "Federated States of", "expectancy" : 68.6},
{"country" : "Gabon", "expectancy" : 50.1},
{"country" : "United Kingdom", "expectancy" : 77.7},
{"country" : "Georgia", "expectancy" : 64.5},
{"country" : "Ghana", "expectancy" : 57.4},
{"country" : "Gibraltar", "expectancy" : 79.0},
{"country" : "Guinea", "expectancy" : 45.6},
{"country" : "Guadeloupe", "expectancy" : 77.0},
{"country" : "Gambia", "expectancy" : 53.2},
{"country" : "Guinea-Bissau", "expectancy" : 49.0},
{"country" : "Equatorial Guinea", "expectancy" : 53.6},
{"country" : "Greece", "expectancy" : 78.4},
{"country" : "Grenada", "expectancy" : 64.5},
{"country" : "Greenland", "expectancy" : 68.1},
{"country" : "Guatemala", "expectancy" : 66.2},
{"country" : "French Guiana", "expectancy" : 76.1},
{"country" : "Guam", "expectancy" : 77.8},
{"country" : "Guyana", "expectancy" : 64.0},
{"country" : "Hong Kong", "expectancy" : 79.5},
{"country" : "Heard Island and McDonald Islands", "expectancy" : null},
{"country" : "Honduras", "expectancy" : 69.9},
{"country" : "Croatia", "expectancy" : 73.7},
{"country" : "Haiti", "expectancy" : 49.2},
{"country" : "Hungary", "expectancy" : 71.4},
{"country" : "Indonesia", "expectancy" : 70.1},
{"country" : "India", "expectancy" : 62.5},
{"country" : "British Indian Ocean Territory", "expectancy" : null},
{"country" : "Ireland", "expectancy" : 76.8},
{"country" : "Iran", "expectancy" : 69.7},
{"country" : "Iraq", "expectancy" : 66.5},
{"country" : "Iceland", "expectancy" : 79.4},
{"country" : "Israel", "expectancy" : 78.6},
{"country" : "Italy", "expectancy" : 79.0},
{"country" : "Jamaica", "expectancy" : 75.2},
{"country" : "Jordan", "expectancy" : 77.4},
{"country" : "Japan", "expectancy" : 80.7},
{"country" : "Kazakstan", "expectancy" : 63.2},
{"country" : "Kenya", "expectancy" : 48.0},
{"country" : "Kyrgyzstan", "expectancy" : 63.4},
{"country" : "Cambodia", "expectancy" : 56.5},
{"country" : "Kiribati", "expectancy" : 59.8},
{"country" : "Saint Kitts and Nevis", "expectancy" : 70.7},
{"country" : "South Korea", "expectancy" : 74.4},
{"country" : "Kuwait", "expectancy" : 76.1},
{"country" : "Laos", "expectancy" : 53.1},
{"country" : "Lebanon", "expectancy" : 71.3},
{"country" : "Liberia", "expectancy" : 51.0},
{"country" : "Libyan Arab Jamahiriya", "expectancy" : 75.5},
{"country" : "Saint Lucia", "expectancy" : 72.3},
{"country" : "Liechtenstein", "expectancy" : 78.8},
{"country" : "Sri Lanka", "expectancy" : 71.8},
{"country" : "Lesotho", "expectancy" : 50.8},
{"country" : "Lithuania", "expectancy" : 69.1},
{"country" : "Luxembourg", "expectancy" : 77.1},
{"country" : "Latvia", "expectancy" : 68.4},
{"country" : "Macao", "expectancy" : 81.6},
{"country" : "Morocco", "expectancy" : 69.1},
{"country" : "Monaco", "expectancy" : 78.8},
{"country" : "Moldova", "expectancy" : 64.5},
{"country" : "Madagascar", "expectancy" : 55.0},
{"country" : "Maldives", "expectancy" : 62.2},
{"country" : "Mexico", "expectancy" : 71.5},
{"country" : "Marshall Islands", "expectancy" : 65.5},
{"country" : "Macedonia", "expectancy" : 73.8},
{"country" : "Mali", "expectancy" : 46.7},
{"country" : "Malta", "expectancy" : 77.9},
{"country" : "Myanmar", "expectancy" : 54.9},
{"country" : "Mongolia", "expectancy" : 67.3},
{"country" : "Northern Mariana Islands", "expectancy" : 75.5},
{"country" : "Mozambique", "expectancy" : 37.5},
{"country" : "Mauritania", "expectancy" : 50.8},
{"country" : "Montserrat", "expectancy" : 78.0},
{"country" : "Martinique", "expectancy" : 78.3},
{"country" : "Mauritius", "expectancy" : 71.0},
{"country" : "Malawi", "expectancy" : 37.6},
{"country" : "Malaysia", "expectancy" : 70.8},
{"country" : "Mayotte", "expectancy" : 59.5},
{"country" : "Namibia", "expectancy" : 42.5},
{"country" : "New Caledonia", "expectancy" : 72.8},
{"country" : "Niger", "expectancy" : 41.3},
{"country" : "Norfolk Island", "expectancy" : null},
{"country" : "Nigeria", "expectancy" : 51.6},
{"country" : "Nicaragua", "expectancy" : 68.7},
{"country" : "Niue", "expectancy" : null},
{"country" : "Netherlands", "expectancy" : 78.3},
{"country" : "Norway", "expectancy" : 78.7},
{"country" : "Nepal", "expectancy" : 57.8},
{"country" : "Nauru", "expectancy" : 60.8},
{"country" : "New Zealand", "expectancy" : 77.8},
{"country" : "Oman", "expectancy" : 71.8},
{"country" : "Pakistan", "expectancy" : 61.1},
{"country" : "Panama", "expectancy" : 75.5},
{"country" : "Pitcairn", "expectancy" : null},
{"country" : "Peru", "expectancy" : 70.0},
{"country" : "Philippines", "expectancy" : 67.5},
{"country" : "Palau", "expectancy" : 68.6},
{"country" : "Papua New Guinea", "expectancy" : 63.1},
{"country" : "Poland", "expectancy" : 73.2},
{"country" : "Puerto Rico", "expectancy" : 75.6},
{"country" : "North Korea", "expectancy" : 70.7},
{"country" : "Portugal", "expectancy" : 75.8},
{"country" : "Paraguay", "expectancy" : 73.7},
{"country" : "Palestine", "expectancy" : 71.4},
{"country" : "French Polynesia", "expectancy" : 74.8},
{"country" : "Qatar", "expectancy" : 72.4},
{"country" : "Reunion", "expectancy" : 72.7},
{"country" : "Romania", "expectancy" : 69.9},
{"country" : "Russian Federation", "expectancy" :67.2},
{"country" : "Rwanda", "expectancy" : 39.3},
{"country" : "Saudi Arabia", "expectancy" : 67.8},
{"country" : "Sudan", "expectancy" : 56.6},
{"country" : "Senegal", "expectancy" : 62.2},
{"country" : "Singapore", "expectancy" : 80.1},
{"country" : "South Georgia and the South Sandwich Islands", "expectancy" : null},
{"country" : "Saint Helena", "expectancy" : 76.8},
{"country" : "Svalbard and Jan Mayen", "expectancy" : null},
{"country" : "Solomon Islands", "expectancy" : 71.3},
{"country" : "Sierra Leone", "expectancy" : 45.3},
{"country" : "El Salvador", "expectancy" : 69.7},
{"country" : "San Marino", "expectancy" : 81.1},
{"country" : "Somalia", "expectancy" : 46.2},
{"country" : "Saint Pierre and Miquelon", "expectancy" : 77.6},
{"country" : "Sao Tome and Principe", "expectancy" : 65.3},
{"country" : "Suriname", "expectancy" : 71.4},
{"country" : "Slovakia", "expectancy" : 73.7},
{"country" : "Slovenia", "expectancy" : 74.9},
{"country" : "Sweden", "expectancy" : 79.6},
{"country" : "Swaziland", "expectancy" : 40.4},
{"country" : "Seychelles", "expectancy" : 70.4},
{"country" : "Syria", "expectancy" : 68.5},
{"country" : "Turks and Caicos Islands", "expectancy" : 73.3},
{"country" : "Chad", "expectancy" : 50.5},
{"country" : "Togo", "expectancy" : 54.7},
{"country" : "Thailand", "expectancy" : 68.6},
{"country" : "Tajikistan", "expectancy" : 64.1},
{"country" : "Tokelau", "expectancy" : null},
{"country" : "Turkmenistan", "expectancy" : 60.9},
{"country" : "East Timor", "expectancy" : 46.0},
{"country" : "Tonga", "expectancy" : 67.9},
{"country" : "Trinidad and Tobago", "expectancy" : 68.0},
{"country" : "Tunisia", "expectancy" : 73.7},
{"country" : "Turkey", "expectancy" : 71.0},
{"country" : "Tuvalu", "expectancy" : 66.3},
{"country" : "Taiwan", "expectancy" : 76.4},
{"country" : "Tanzania", "expectancy" : 52.3},
{"country" : "Uganda", "expectancy" : 42.9},
{"country" : "Ukraine", "expectancy" : 66.0},
{"country" : "United States Minor Outlying Islands", "expectancy" : null},
{"country" : "Uruguay", "expectancy" : 75.2},
{"country" : "United States", "expectancy" : 77.1},
{"country" : "Uzbekistan", "expectancy" : 63.7},
{"country" : "Holy See (Vatican City State)", "expectancy" : null},
{"country" : "Saint Vincent and the Grenadines", "expectancy" : 72.3},
{"country" : "Venezuela", "expectancy" : 73.1},
{"country" : "Virgin Islands", "expectancy" : null},
{"country" : "British", "expectancy" : 75.4},
{"country" : "Virgin Islands", "expectancy" : null},
{"country" : "United States", "expectancy" : 78.1},
{"country" : "Vietnam", "expectancy" : 69.3},
{"country" : "Vanuatu", "expectancy" : 60.6},
{"country" : "Wallis and Futuna", "expectancy" : null},
{"country" : "Samoa", "expectancy" : 69.2},
{"country" : "Yemen", "expectancy" : 59.8},
{"country" : "Yugoslavia", "expectancy" : 72.4},
{"country" : "South Africa", "expectancy" : 51.1},
{"country" : "Zambia", "expectancy" : 37.2},
{"country" : "Zimbabwe", "expectancy" : 37.8}
]
